chart,country,country_avg,region,value2plot,dev
1,Czechia,0.563894523,T1_CZ01_CZ02,0.615841584,-0.051947061
1,Czechia,0.563894523,T1_CZ03_CZ04,0.549586777,0.014307746
1,Czechia,0.563894523,T1_CZ05_CZ06,0.531440162,0.032454361
1,Czechia,0.563894523,T1_CZ07_CZ08,0.557142857,0.006751666
1,Czechia,0.563894523,T2_CZ01_CZ02,0.615841584,-0.051947061
1,Czechia,0.563894523,T2_CZ03_CZ06,0.548453608,0.015440915
1,Czechia,0.563894523,T2_CZ04_CZ05,0.532520325,0.031374198
1,Czechia,0.563894523,T2_CZ07_CZ08,0.557142857,0.006751666
1,Czechia,0.563894523,T3_CZ01_CZ02,0.615841584,-0.051947061
1,Czechia,0.563894523,T3_CZ03_CZ04_CZ05,0.540136054,0.023758469
1,Czechia,0.563894523,T3_CZ06_CZ07,0.528455285,0.035439239
1,Czechia,0.563894523,T3_CZ08,0.6,-0.036105477
1,Czechia,0.563894523,T4_CZ01_CZ02,0.615841584,-0.051947061
1,Czechia,0.563894523,T4_CZ03_CZ04_CZ05,0.540136054,0.023758469
1,Czechia,0.563894523,T4_CZ06,0.541322314,0.022572209
1,Czechia,0.563894523,T4_CZ07_CZ08,0.557142857,0.006751666
2,Czechia,0.62201928,T2_CZ01_CZ02,0.624750499,-0.002731219
2,Czechia,0.62201928,T2_CZ03_CZ06,0.631687243,-0.009667963
2,Czechia,0.62201928,T2_CZ04_CZ05,0.63030303,-0.008283751
2,Czechia,0.62201928,T2_CZ07_CZ08,0.601226994,0.020792286
2,Czechia,0.62201928,T3_CZ01_CZ02,0.624750499,-0.002731219
2,Czechia,0.62201928,T3_CZ03_CZ04_CZ05,0.635994587,-0.013975308
2,Czechia,0.62201928,T3_CZ06_CZ07,0.583505155,0.038514125
2,Czechia,0.62201928,T3_CZ08,0.650406504,-0.028387225
2,Czechia,0.62201928,T4_CZ01_CZ02,0.624750499,-0.002731219
2,Czechia,0.62201928,T4_CZ03_CZ04_CZ05,0.635994587,-0.013975308
2,Czechia,0.62201928,T4_CZ06,0.615702479,0.0063168
2,Czechia,0.62201928,T4_CZ07_CZ08,0.601226994,0.020792286
2,Czechia,0.62201928,T1_CZ05_CZ06,0.620689655,0.001329624
2,Czechia,0.62201928,T1_CZ07_CZ08,0.601226994,0.020792286
2,Czechia,0.62201928,T1_CZ01_CZ02,0.624750499,-0.002731219
2,Czechia,0.62201928,T1_CZ03_CZ04,0.641393443,-0.019374163
3,Czechia,0.550603041,T1_CZ05_CZ06,0.538947368,0.011655673
3,Czechia,0.550603041,T2_CZ03_CZ06,0.549568966,0.001034076
3,Czechia,0.550603041,T2_CZ04_CZ05,0.517745303,0.032857739
3,Czechia,0.550603041,T1_CZ07_CZ08,0.528183716,0.022419325
3,Czechia,0.550603041,T2_CZ01_CZ02,0.606185567,-0.055582526
3,Czechia,0.550603041,T3_CZ03_CZ04_CZ05,0.521067416,0.029535626
3,Czechia,0.550603041,T3_CZ06_CZ07,0.538135593,0.012467448
3,Czechia,0.550603041,T2_CZ07_CZ08,0.528183716,0.022419325
3,Czechia,0.550603041,T3_CZ01_CZ02,0.606185567,-0.055582526
3,Czechia,0.550603041,T1_CZ01_CZ02,0.606185567,-0.055582526
3,Czechia,0.550603041,T1_CZ03_CZ04,0.527777778,0.022825264
3,Czechia,0.550603041,T4_CZ07_CZ08,0.528183716,0.022419325
3,Czechia,0.550603041,T3_CZ08,0.550420168,1.83E-04
3,Czechia,0.550603041,T4_CZ01_CZ02,0.606185567,-0.055582526
3,Czechia,0.550603041,T4_CZ03_CZ04_CZ05,0.521067416,0.029535626
3,Czechia,0.550603041,T4_CZ06,0.571428571,-0.02082553
4,Czechia,0.737182678,T3_CZ06_CZ07,0.700201207,0.036981471
4,Czechia,0.737182678,T3_CZ08,0.75203252,-0.014849842
4,Czechia,0.737182678,T4_CZ01_CZ02,0.761165049,-0.023982371
4,Czechia,0.737182678,T1_CZ01_CZ02,0.761165049,-0.023982371
4,Czechia,0.737182678,T1_CZ03_CZ04,0.72983871,0.007343968
4,Czechia,0.737182678,T1_CZ05_CZ06,0.734126984,0.003055694
4,Czechia,0.737182678,T1_CZ07_CZ08,0.722672065,0.014510613
4,Czechia,0.737182678,T2_CZ01_CZ02,0.761165049,-0.023982371
4,Czechia,0.737182678,T3_CZ03_CZ04_CZ05,0.740346205,-0.003163527
4,Czechia,0.737182678,T4_CZ06,0.706827309,0.030355369
4,Czechia,0.737182678,T4_CZ07_CZ08,0.722672065,0.014510613
4,Czechia,0.737182678,T2_CZ07_CZ08,0.722672065,0.014510613
4,Czechia,0.737182678,T4_CZ03_CZ04_CZ05,0.740346205,-0.003163527
4,Czechia,0.737182678,T2_CZ03_CZ06,0.728370221,0.008812457
4,Czechia,0.737182678,T2_CZ04_CZ05,0.735586481,0.001596197
4,Czechia,0.737182678,T3_CZ01_CZ02,0.761165049,-0.023982371
5,Czechia,0.242041712,T4_CZ01_CZ02,0.226495726,0.015545986
5,Czechia,0.242041712,T3_CZ06_CZ07,0.286031042,-0.04398933
5,Czechia,0.242041712,T3_CZ08,0.233183857,0.008857856
5,Czechia,0.242041712,T1_CZ05_CZ06,0.240174672,0.00186704
5,Czechia,0.242041712,T1_CZ07_CZ08,0.267260579,-0.025218867
5,Czechia,0.242041712,T3_CZ01_CZ02,0.226495726,0.015545986
5,Czechia,0.242041712,T3_CZ03_CZ04_CZ05,0.226470588,0.015571124
5,Czechia,0.242041712,T4_CZ07_CZ08,0.267260579,-0.025218867
5,Czechia,0.242041712,T1_CZ03_CZ04,0.234899329,0.007142384
5,Czechia,0.242041712,T4_CZ03_CZ04_CZ05,0.226470588,0.015571124
5,Czechia,0.242041712,T4_CZ06,0.271111111,-0.029069399
5,Czechia,0.242041712,T2_CZ03_CZ06,0.250559284,-0.008517572
5,Czechia,0.242041712,T2_CZ04_CZ05,0.22489083,0.017150883
5,Czechia,0.242041712,T2_CZ07_CZ08,0.267260579,-0.025218867
5,Czechia,0.242041712,T2_CZ01_CZ02,0.226495726,0.015545986
5,Czechia,0.242041712,T1_CZ01_CZ02,0.226495726,0.015545986
6,Czechia,0.220234768,T3_CZ06_CZ07,0.25,-0.029765232
6,Czechia,0.220234768,T1_CZ07_CZ08,0.253968254,-0.033733486
6,Czechia,0.220234768,T3_CZ01_CZ02,0.201735358,0.01849941
6,Czechia,0.220234768,T3_CZ03_CZ04_CZ05,0.198795181,0.021439587
6,Czechia,0.220234768,T3_CZ08,0.263636364,-0.043401596
6,Czechia,0.220234768,T1_CZ05_CZ06,0.208791209,0.011443559
6,Czechia,0.220234768,T4_CZ03_CZ04_CZ05,0.198795181,0.021439587
6,Czechia,0.220234768,T4_CZ06,0.255605381,-0.035370613
6,Czechia,0.220234768,T2_CZ01_CZ02,0.201735358,0.01849941
6,Czechia,0.220234768,T2_CZ03_CZ06,0.23853211,-0.018297342
6,Czechia,0.220234768,T2_CZ04_CZ05,0.188470067,0.031764702
6,Czechia,0.220234768,T2_CZ07_CZ08,0.253968254,-0.033733486
6,Czechia,0.220234768,T1_CZ01_CZ02,0.201735358,0.01849941
6,Czechia,0.220234768,T1_CZ03_CZ04,0.217592593,0.002642175
6,Czechia,0.220234768,T4_CZ01_CZ02,0.201735358,0.01849941
6,Czechia,0.220234768,T4_CZ07_CZ08,0.253968254,-0.033733486
7,Czechia,0.226294357,T3_CZ01_CZ02,0.201372998,0.024921359
7,Czechia,0.226294357,T2_CZ07_CZ08,0.251781473,-0.025487115
7,Czechia,0.226294357,T3_CZ06_CZ07,0.235849057,-0.009554699
7,Czechia,0.226294357,T3_CZ08,0.258215962,-0.031921605
7,Czechia,0.226294357,T4_CZ03_CZ04_CZ05,0.226356589,-6.22E-05
7,Czechia,0.226294357,T3_CZ03_CZ04_CZ05,0.226356589,-6.22E-05
7,Czechia,0.226294357,T2_CZ01_CZ02,0.201372998,0.024921359
7,Czechia,0.226294357,T4_CZ01_CZ02,0.201372998,0.024921359
7,Czechia,0.226294357,T2_CZ04_CZ05,0.218894009,0.007400348
7,Czechia,0.226294357,T1_CZ03_CZ04,0.241784038,-0.01548968
7,Czechia,0.226294357,T4_CZ06,0.226851852,-5.57E-04
7,Czechia,0.226294357,T2_CZ03_CZ06,0.234192037,-0.00789768
7,Czechia,0.226294357,T1_CZ01_CZ02,0.201372998,0.024921359
7,Czechia,0.226294357,T4_CZ07_CZ08,0.251781473,-0.025487115
7,Czechia,0.226294357,T1_CZ07_CZ08,0.251781473,-0.025487115
7,Czechia,0.226294357,T1_CZ05_CZ06,0.211494253,0.014800104
8,Czechia,0.18488746,T3_CZ01_CZ02,0.172916667,0.011970793
8,Czechia,0.18488746,T3_CZ03_CZ04_CZ05,0.172910663,0.011976797
8,Czechia,0.18488746,T2_CZ01_CZ02,0.172916667,0.011970793
8,Czechia,0.18488746,T2_CZ03_CZ06,0.189655172,-0.004767713
8,Czechia,0.18488746,T3_CZ08,0.194805195,-0.009917735
8,Czechia,0.18488746,T1_CZ07_CZ08,0.208695652,-0.023808192
8,Czechia,0.18488746,T4_CZ03_CZ04_CZ05,0.172910663,0.011976797
8,Czechia,0.18488746,T3_CZ06_CZ07,0.210412148,-0.025524688
8,Czechia,0.18488746,T2_CZ07_CZ08,0.208695652,-0.023808192
8,Czechia,0.18488746,T4_CZ01_CZ02,0.172916667,0.011970793
8,Czechia,0.18488746,T1_CZ03_CZ04,0.185185185,-2.98E-04
8,Czechia,0.18488746,T2_CZ04_CZ05,0.168831169,0.016056291
8,Czechia,0.18488746,T1_CZ05_CZ06,0.173447537,0.011439922
8,Czechia,0.18488746,T4_CZ07_CZ08,0.208695652,-0.023808192
8,Czechia,0.18488746,T1_CZ01_CZ02,0.172916667,0.011970793
8,Czechia,0.18488746,T4_CZ06,0.198275862,-0.013388402
9,Czechia,0.44212963,T2_CZ07_CZ08,0.45971564,-0.01758601
9,Czechia,0.44212963,T3_CZ01_CZ02,0.446601942,-0.004472312
9,Czechia,0.44212963,T3_CZ08,0.412371134,0.029758496
9,Czechia,0.44212963,T2_CZ01_CZ02,0.446601942,-0.004472312
9,Czechia,0.44212963,T2_CZ03_CZ06,0.425233645,0.016895985
9,Czechia,0.44212963,T3_CZ06_CZ07,0.459090909,-0.016961279
9,Czechia,0.44212963,T2_CZ04_CZ05,0.43776824,0.004361389
9,Czechia,0.44212963,T4_CZ07_CZ08,0.45971564,-0.01758601
9,Czechia,0.44212963,T1_CZ01_CZ02,0.446601942,-0.004472312
9,Czechia,0.44212963,T3_CZ03_CZ04_CZ05,0.436950147,0.005179483
9,Czechia,0.44212963,T1_CZ07_CZ08,0.45971564,-0.01758601
9,Czechia,0.44212963,T4_CZ06,0.41509434,0.02703529
9,Czechia,0.44212963,T1_CZ05_CZ06,0.425339367,0.016790263
9,Czechia,0.44212963,T4_CZ03_CZ04_CZ05,0.436950147,0.005179483
9,Czechia,0.44212963,T4_CZ01_CZ02,0.446601942,-0.004472312
9,Czechia,0.44212963,T1_CZ03_CZ04,0.438053097,0.004076532
10,Czechia,0.505747126,T1_CZ05_CZ06,0.468181818,0.037565308
10,Czechia,0.505747126,T1_CZ01_CZ02,0.523148148,-0.017401022
10,Czechia,0.505747126,T1_CZ03_CZ04,0.471615721,0.034131406
10,Czechia,0.505747126,T1_CZ07_CZ08,0.565853659,-0.060106532
10,Czechia,0.505747126,T2_CZ01_CZ02,0.523148148,-0.017401022
10,Czechia,0.505747126,T4_CZ01_CZ02,0.523148148,-0.017401022
10,Czechia,0.505747126,T4_CZ03_CZ04_CZ05,0.476608187,0.029138939
10,Czechia,0.505747126,T4_CZ07_CZ08,0.565853659,-0.060106532
10,Czechia,0.505747126,T3_CZ08,0.56122449,-0.055477363
10,Czechia,0.505747126,T2_CZ04_CZ05,0.491304348,0.014442779
10,Czechia,0.505747126,T3_CZ06_CZ07,0.509345794,-0.003598668
10,Czechia,0.505747126,T2_CZ03_CZ06,0.447488584,0.058258542
10,Czechia,0.505747126,T3_CZ03_CZ04_CZ05,0.476608187,0.029138939
10,Czechia,0.505747126,T2_CZ07_CZ08,0.565853659,-0.060106532
10,Czechia,0.505747126,T4_CZ06,0.448598131,0.057148996
10,Czechia,0.505747126,T3_CZ01_CZ02,0.523148148,-0.017401022
11,Czechia,0.403402187,T3_CZ03_CZ04_CZ05,0.433962264,-0.030560077
11,Czechia,0.403402187,T3_CZ01_CZ02,0.399014778,0.004387409
11,Czechia,0.403402187,T1_CZ01_CZ02,0.399014778,0.004387409
11,Czechia,0.403402187,T3_CZ08,0.438202247,-0.03480006
11,Czechia,0.403402187,T1_CZ05_CZ06,0.3507109,0.052691287
11,Czechia,0.403402187,T3_CZ06_CZ07,0.34741784,0.055984347
11,Czechia,0.403402187,T1_CZ03_CZ04,0.429245283,-0.025843096
11,Czechia,0.403402187,T2_CZ04_CZ05,0.409302326,-0.005900138
11,Czechia,0.403402187,T2_CZ07_CZ08,0.436548223,-0.033146036
11,Czechia,0.403402187,T4_CZ03_CZ04_CZ05,0.433962264,-0.030560077
11,Czechia,0.403402187,T2_CZ01_CZ02,0.399014778,0.004387409
11,Czechia,0.403402187,T2_CZ03_CZ06,0.370192308,0.033209879
11,Czechia,0.403402187,T1_CZ07_CZ08,0.436548223,-0.033146036
11,Czechia,0.403402187,T4_CZ06,0.257142857,0.14625933
11,Czechia,0.403402187,T4_CZ01_CZ02,0.399014778,0.004387409
11,Czechia,0.403402187,T4_CZ07_CZ08,0.436548223,-0.033146036
12,Czechia,0.241007194,T2_CZ03_CZ06,0.188405797,0.052601397
12,Czechia,0.241007194,T4_CZ03_CZ04_CZ05,0.250746269,-0.009739074
12,Czechia,0.241007194,T2_CZ01_CZ02,0.263157895,-0.0221507
12,Czechia,0.241007194,T2_CZ04_CZ05,0.269911504,-0.02890431
12,Czechia,0.241007194,T4_CZ01_CZ02,0.263157895,-0.0221507
12,Czechia,0.241007194,T2_CZ07_CZ08,0.239583333,0.001423861
12,Czechia,0.241007194,T1_CZ05_CZ06,0.193236715,0.047770479
12,Czechia,0.241007194,T1_CZ07_CZ08,0.239583333,0.001423861
12,Czechia,0.241007194,T3_CZ03_CZ04_CZ05,0.250746269,-0.009739074
12,Czechia,0.241007194,T1_CZ01_CZ02,0.263157895,-0.0221507
12,Czechia,0.241007194,T1_CZ03_CZ04,0.265486726,-0.024479531
12,Czechia,0.241007194,T4_CZ07_CZ08,0.239583333,0.001423861
12,Czechia,0.241007194,T3_CZ06_CZ07,0.195,0.046007194
12,Czechia,0.241007194,T4_CZ06,0.163265306,0.077741888
12,Czechia,0.241007194,T3_CZ01_CZ02,0.263157895,-0.0221507
12,Czechia,0.241007194,T3_CZ08,0.255555556,-0.014548361
13,Czechia,0.171052632,T1_CZ07_CZ08,0.151515152,0.01953748
13,Czechia,0.171052632,T1_CZ05_CZ06,0.159624413,0.011428218
13,Czechia,0.171052632,T3_CZ01_CZ02,0.185714286,-0.014661654
13,Czechia,0.171052632,T2_CZ01_CZ02,0.185714286,-0.014661654
13,Czechia,0.171052632,T1_CZ03_CZ04,0.186046512,-0.01499388
13,Czechia,0.171052632,T1_CZ01_CZ02,0.185714286,-0.014661654
13,Czechia,0.171052632,T4_CZ01_CZ02,0.185714286,-0.014661654
13,Czechia,0.171052632,T4_CZ07_CZ08,0.151515152,0.01953748
13,Czechia,0.171052632,T4_CZ06,0.104761905,0.066290727
13,Czechia,0.171052632,T3_CZ08,0.147727273,0.023325359
13,Czechia,0.171052632,T2_CZ03_CZ06,0.119617225,0.051435407
13,Czechia,0.171052632,T2_CZ04_CZ05,0.223744292,-0.052691661
13,Czechia,0.171052632,T2_CZ07_CZ08,0.151515152,0.01953748
13,Czechia,0.171052632,T3_CZ06_CZ07,0.130232558,0.040820073
13,Czechia,0.171052632,T3_CZ03_CZ04_CZ05,0.19504644,-0.023993808
13,Czechia,0.171052632,T4_CZ03_CZ04_CZ05,0.19504644,-0.023993808
14,Czechia,0.314211213,T1_CZ03_CZ04,0.311004785,0.003206428
14,Czechia,0.314211213,T2_CZ01_CZ02,0.360215054,-0.046003841
14,Czechia,0.314211213,T4_CZ01_CZ02,0.360215054,-0.046003841
14,Czechia,0.314211213,T2_CZ04_CZ05,0.323671498,-0.009460285
14,Czechia,0.314211213,T2_CZ07_CZ08,0.313513514,6.98E-04
14,Czechia,0.314211213,T1_CZ07_CZ08,0.313513514,6.98E-04
14,Czechia,0.314211213,T1_CZ05_CZ06,0.272727273,0.04148394
14,Czechia,0.314211213,T4_CZ07_CZ08,0.313513514,6.98E-04
14,Czechia,0.314211213,T3_CZ01_CZ02,0.360215054,-0.046003841
14,Czechia,0.314211213,T2_CZ03_CZ06,0.259259259,0.054951953
14,Czechia,0.314211213,T4_CZ06,0.247191011,0.067020201
14,Czechia,0.314211213,T4_CZ03_CZ04_CZ05,0.306188925,0.008022287
14,Czechia,0.314211213,T3_CZ08,0.305882353,0.00832886
14,Czechia,0.314211213,T3_CZ03_CZ04_CZ05,0.306188925,0.008022287
14,Czechia,0.314211213,T1_CZ01_CZ02,0.360215054,-0.046003841
14,Czechia,0.314211213,T3_CZ06_CZ07,0.285714286,0.028496927
15,Czechia,0.403669725,T1_CZ03_CZ04,0.4,0.003669725
15,Czechia,0.403669725,T1_CZ01_CZ02,0.45212766,-0.048457935
15,Czechia,0.403669725,T1_CZ05_CZ06,0.375,0.028669725
15,Czechia,0.403669725,T2_CZ01_CZ02,0.45212766,-0.048457935
15,Czechia,0.403669725,T4_CZ01_CZ02,0.45212766,-0.048457935
15,Czechia,0.403669725,T4_CZ06,0.347826087,0.055843638
15,Czechia,0.403669725,T1_CZ07_CZ08,0.388571429,0.015098296
15,Czechia,0.403669725,T2_CZ04_CZ05,0.391509434,0.012160291
15,Czechia,0.403669725,T3_CZ08,0.381578947,0.022090777
15,Czechia,0.403669725,T2_CZ03_CZ06,0.382978723,0.020691001
15,Czechia,0.403669725,T4_CZ03_CZ04_CZ05,0.399350649,0.004319075
15,Czechia,0.403669725,T3_CZ06_CZ07,0.371727749,0.031941976
15,Czechia,0.403669725,T2_CZ07_CZ08,0.388571429,0.015098296
15,Czechia,0.403669725,T3_CZ03_CZ04_CZ05,0.399350649,0.004319075
15,Czechia,0.403669725,T3_CZ01_CZ02,0.45212766,-0.048457935
15,Czechia,0.403669725,T4_CZ07_CZ08,0.388571429,0.015098296
16,Czechia,0.422556391,T4_CZ06,0.409638554,0.012917837
16,Czechia,0.422556391,T4_CZ03_CZ04_CZ05,0.44047619,-0.017919799
16,Czechia,0.422556391,T4_CZ01_CZ02,0.406976744,0.015579647
16,Czechia,0.422556391,T3_CZ08,0.475,-0.052443609
16,Czechia,0.422556391,T4_CZ07_CZ08,0.417721519,0.004834872
16,Czechia,0.422556391,T2_CZ03_CZ06,0.38125,0.041306391
16,Czechia,0.422556391,T3_CZ06_CZ07,0.385093168,0.037463223
16,Czechia,0.422556391,T1_CZ05_CZ06,0.460606061,-0.03804967
16,Czechia,0.422556391,T1_CZ03_CZ04,0.405882353,0.016674038
16,Czechia,0.422556391,T2_CZ01_CZ02,0.406976744,0.015579647
16,Czechia,0.422556391,T2_CZ07_CZ08,0.417721519,0.004834872
16,Czechia,0.422556391,T3_CZ03_CZ04_CZ05,0.44047619,-0.017919799
16,Czechia,0.422556391,T1_CZ01_CZ02,0.406976744,0.015579647
16,Czechia,0.422556391,T1_CZ07_CZ08,0.417721519,0.004834872
16,Czechia,0.422556391,T2_CZ04_CZ05,0.48,-0.057443609
16,Czechia,0.422556391,T3_CZ01_CZ02,0.406976744,0.015579647
17,Czechia,0.536624204,T2_CZ03_CZ06,0.543046358,-0.006422154
17,Czechia,0.536624204,T4_CZ03_CZ04_CZ05,0.569672131,-0.033047927
17,Czechia,0.536624204,T2_CZ01_CZ02,0.51572327,0.020900933
17,Czechia,0.536624204,T4_CZ07_CZ08,0.532894737,0.003729467
17,Czechia,0.536624204,T3_CZ08,0.588235294,-0.05161109
17,Czechia,0.536624204,T1_CZ07_CZ08,0.532894737,0.003729467
17,Czechia,0.536624204,T1_CZ05_CZ06,0.525316456,0.011307748
17,Czechia,0.536624204,T3_CZ01_CZ02,0.51572327,0.020900933
17,Czechia,0.536624204,T1_CZ01_CZ02,0.51572327,0.020900933
17,Czechia,0.536624204,T3_CZ06_CZ07,0.484076433,0.052547771
17,Czechia,0.536624204,T2_CZ07_CZ08,0.532894737,0.003729467
17,Czechia,0.536624204,T4_CZ06,0.479452055,0.057172149
17,Czechia,0.536624204,T2_CZ04_CZ05,0.554216867,-0.017592664
17,Czechia,0.536624204,T4_CZ01_CZ02,0.51572327,0.020900933
17,Czechia,0.536624204,T1_CZ03_CZ04,0.572327044,-0.03570284
17,Czechia,0.536624204,T3_CZ03_CZ04_CZ05,0.569672131,-0.033047927
39,Czechia,0.737226277,T1_CZ05_CZ06,0.751269036,-0.014042758
39,Czechia,0.737226277,T1_CZ01_CZ02,0.730392157,0.006834121
39,Czechia,0.737226277,T4_CZ07_CZ08,0.717948718,0.019277559
39,Czechia,0.737226277,T3_CZ01_CZ02,0.730392157,0.006834121
39,Czechia,0.737226277,T3_CZ03_CZ04_CZ05,0.756923077,-0.0196968
39,Czechia,0.737226277,T1_CZ03_CZ04,0.747787611,-0.010561333
39,Czechia,0.737226277,T3_CZ08,0.775280899,-0.038054622
39,Czechia,0.737226277,T1_CZ07_CZ08,0.717948718,0.019277559
39,Czechia,0.737226277,T2_CZ03_CZ06,0.739130435,-0.001904157
39,Czechia,0.737226277,T4_CZ06,0.724489796,0.012736481
39,Czechia,0.737226277,T2_CZ01_CZ02,0.730392157,0.006834121
39,Czechia,0.737226277,T3_CZ06_CZ07,0.696078431,0.041147846
39,Czechia,0.737226277,T2_CZ04_CZ05,0.759259259,-0.022032982
39,Czechia,0.737226277,T4_CZ03_CZ04_CZ05,0.756923077,-0.0196968
39,Czechia,0.737226277,T2_CZ07_CZ08,0.717948718,0.019277559
39,Czechia,0.737226277,T4_CZ01_CZ02,0.730392157,0.006834121
40,Czechia,0.749715586,T1_CZ01_CZ02,0.783185841,-0.033470255
40,Czechia,0.749715586,T1_CZ07_CZ08,0.731343284,0.018372302
40,Czechia,0.749715586,T2_CZ03_CZ06,0.758139535,-0.008423949
40,Czechia,0.749715586,T2_CZ01_CZ02,0.783185841,-0.033470255
40,Czechia,0.749715586,T1_CZ05_CZ06,0.756756757,-0.007041171
40,Czechia,0.749715586,T4_CZ01_CZ02,0.783185841,-0.033470255
40,Czechia,0.749715586,T4_CZ03_CZ04_CZ05,0.736842105,0.012873481
40,Czechia,0.749715586,T3_CZ08,0.77,-0.020284414
40,Czechia,0.749715586,T1_CZ03_CZ04,0.726086957,0.023628629
40,Czechia,0.749715586,T4_CZ06,0.754545455,-0.004829869
40,Czechia,0.749715586,T4_CZ07_CZ08,0.731343284,0.018372302
40,Czechia,0.749715586,T3_CZ06_CZ07,0.725118483,0.024597102
40,Czechia,0.749715586,T3_CZ03_CZ04_CZ05,0.736842105,0.012873481
40,Czechia,0.749715586,T2_CZ07_CZ08,0.731343284,0.018372302
40,Czechia,0.749715586,T2_CZ04_CZ05,0.725738397,0.023977189
40,Czechia,0.749715586,T3_CZ01_CZ02,0.783185841,-0.033470255
41,Czechia,0.83481153,T4_CZ01_CZ02,0.844444444,-0.009632915
41,Czechia,0.83481153,T2_CZ01_CZ02,0.844444444,-0.009632915
41,Czechia,0.83481153,T2_CZ04_CZ05,0.831325301,0.003486229
41,Czechia,0.83481153,T2_CZ07_CZ08,0.818627451,0.016184079
41,Czechia,0.83481153,T2_CZ03_CZ06,0.84375,-0.00893847
41,Czechia,0.83481153,T4_CZ03_CZ04_CZ05,0.838356164,-0.003544634
41,Czechia,0.83481153,T3_CZ06_CZ07,0.803827751,0.030983779
41,Czechia,0.83481153,T4_CZ06,0.833333333,0.001478197
41,Czechia,0.83481153,T1_CZ03_CZ04,0.83805668,-0.00324515
41,Czechia,0.83481153,T3_CZ01_CZ02,0.844444444,-0.009632915
41,Czechia,0.83481153,T3_CZ08,0.86407767,-0.02926614
41,Czechia,0.83481153,T3_CZ03_CZ04_CZ05,0.838356164,-0.003544634
41,Czechia,0.83481153,T4_CZ07_CZ08,0.818627451,0.016184079
41,Czechia,0.83481153,T1_CZ01_CZ02,0.844444444,-0.009632915
41,Czechia,0.83481153,T1_CZ05_CZ06,0.836283186,-0.001471656
41,Czechia,0.83481153,T1_CZ07_CZ08,0.818627451,0.016184079
42,Czechia,0.51232166,T2_CZ04_CZ05,0.476923077,0.035398583
42,Czechia,0.51232166,T4_CZ01_CZ02,0.567010309,-0.054688649
42,Czechia,0.51232166,T4_CZ03_CZ04_CZ05,0.474747475,0.037574185
42,Czechia,0.51232166,T3_CZ03_CZ04_CZ05,0.474747475,0.037574185
42,Czechia,0.51232166,T3_CZ06_CZ07,0.515789474,-0.003467814
42,Czechia,0.51232166,T2_CZ01_CZ02,0.567010309,-0.054688649
42,Czechia,0.51232166,T2_CZ07_CZ08,0.532967033,-0.020645373
42,Czechia,0.51232166,T2_CZ03_CZ06,0.475,0.03732166
42,Czechia,0.51232166,T1_CZ07_CZ08,0.532967033,-0.020645373
42,Czechia,0.51232166,T3_CZ08,0.511111111,0.001210549
42,Czechia,0.51232166,T1_CZ05_CZ06,0.489473684,0.022847976
42,Czechia,0.51232166,T4_CZ06,0.479591837,0.032729823
42,Czechia,0.51232166,T3_CZ01_CZ02,0.567010309,-0.054688649
42,Czechia,0.51232166,T4_CZ07_CZ08,0.532967033,-0.020645373
42,Czechia,0.51232166,T1_CZ01_CZ02,0.567010309,-0.054688649
42,Czechia,0.51232166,T1_CZ03_CZ04,0.463414634,0.048907026
43,Czechia,0.826608506,T2_CZ04_CZ05,0.831775701,-0.005167195
43,Czechia,0.826608506,T2_CZ01_CZ02,0.856557377,-0.029948871
43,Czechia,0.826608506,T4_CZ06,0.798245614,0.028362892
43,Czechia,0.826608506,T2_CZ03_CZ06,0.803571429,0.023037077
43,Czechia,0.826608506,T4_CZ07_CZ08,0.812765957,0.013842549
43,Czechia,0.826608506,T3_CZ03_CZ04_CZ05,0.824074074,0.002534432
43,Czechia,0.826608506,T3_CZ01_CZ02,0.856557377,-0.029948871
43,Czechia,0.826608506,T1_CZ07_CZ08,0.812765957,0.013842549
43,Czechia,0.826608506,T2_CZ07_CZ08,0.812765957,0.013842549
43,Czechia,0.826608506,T1_CZ05_CZ06,0.826666667,-5.82E-05
43,Czechia,0.826608506,T4_CZ01_CZ02,0.856557377,-0.029948871
43,Czechia,0.826608506,T3_CZ06_CZ07,0.808035714,0.018572792
43,Czechia,0.826608506,T1_CZ03_CZ04,0.807511737,0.019096769
43,Czechia,0.826608506,T4_CZ03_CZ04_CZ05,0.824074074,0.002534432
43,Czechia,0.826608506,T1_CZ01_CZ02,0.856557377,-0.029948871
43,Czechia,0.826608506,T3_CZ08,0.808,0.018608506
44,Czechia,0.819221968,T2_CZ07_CZ08,0.774336283,0.044885685
44,Czechia,0.819221968,T1_CZ03_CZ04,0.802030457,0.017191511
44,Czechia,0.819221968,T4_CZ07_CZ08,0.774336283,0.044885685
44,Czechia,0.819221968,T3_CZ01_CZ02,0.860169492,-0.040947524
44,Czechia,0.819221968,T2_CZ01_CZ02,0.860169492,-0.040947524
44,Czechia,0.819221968,T1_CZ01_CZ02,0.860169492,-0.040947524
44,Czechia,0.819221968,T1_CZ07_CZ08,0.774336283,0.044885685
44,Czechia,0.819221968,T2_CZ03_CZ06,0.823255814,-0.004033846
44,Czechia,0.819221968,T3_CZ06_CZ07,0.800947867,0.018274101
44,Czechia,0.819221968,T2_CZ04_CZ05,0.817258883,0.001963085
44,Czechia,0.819221968,T3_CZ03_CZ04_CZ05,0.819078947,1.43E-04
44,Czechia,0.819221968,T4_CZ06,0.824074074,-0.004852106
44,Czechia,0.819221968,T1_CZ05_CZ06,0.837209302,-0.017987334
44,Czechia,0.819221968,T4_CZ03_CZ04_CZ05,0.819078947,1.43E-04
44,Czechia,0.819221968,T4_CZ01_CZ02,0.860169492,-0.040947524
44,Czechia,0.819221968,T3_CZ08,0.772357724,0.046864244
45,Czechia,0.50744249,T2_CZ03_CZ06,0.488764045,0.018678445
45,Czechia,0.50744249,T3_CZ08,0.487179487,0.020263003
45,Czechia,0.50744249,T2_CZ01_CZ02,0.50802139,-5.79E-04
45,Czechia,0.50744249,T1_CZ03_CZ04,0.532994924,-0.025552434
45,Czechia,0.50744249,T1_CZ07_CZ08,0.508571429,-0.001128939
45,Czechia,0.50744249,T4_CZ06,0.494382022,0.013060467
45,Czechia,0.50744249,T4_CZ01_CZ02,0.50802139,-5.79E-04
45,Czechia,0.50744249,T3_CZ06_CZ07,0.510752688,-0.003310198
45,Czechia,0.50744249,T1_CZ01_CZ02,0.50802139,-5.79E-04
45,Czechia,0.50744249,T1_CZ05_CZ06,0.477777778,0.029664712
45,Czechia,0.50744249,T4_CZ07_CZ08,0.508571429,-0.001128939
45,Czechia,0.50744249,T4_CZ03_CZ04_CZ05,0.510416667,-0.002974177
45,Czechia,0.50744249,T3_CZ01_CZ02,0.50802139,-5.79E-04
45,Czechia,0.50744249,T3_CZ03_CZ04_CZ05,0.510416667,-0.002974177
45,Czechia,0.50744249,T2_CZ04_CZ05,0.522613065,-0.015170575
45,Czechia,0.50744249,T2_CZ07_CZ08,0.508571429,-0.001128939
46,Czechia,0.408544726,T2_CZ04_CZ05,0.443349754,-0.034805027
46,Czechia,0.408544726,T3_CZ01_CZ02,0.410810811,-0.002266085
46,Czechia,0.408544726,T4_CZ07_CZ08,0.397727273,0.010817454
46,Czechia,0.408544726,T3_CZ03_CZ04_CZ05,0.419795222,-0.011250496
46,Czechia,0.408544726,T2_CZ07_CZ08,0.397727273,0.010817454
46,Czechia,0.408544726,T2_CZ03_CZ06,0.378378378,0.030166348
46,Czechia,0.408544726,T1_CZ01_CZ02,0.410810811,-0.002266085
46,Czechia,0.408544726,T4_CZ03_CZ04_CZ05,0.419795222,-0.011250496
46,Czechia,0.408544726,T3_CZ06_CZ07,0.361702128,0.046842599
46,Czechia,0.408544726,T2_CZ01_CZ02,0.410810811,-0.002266085
46,Czechia,0.408544726,T3_CZ08,0.469879518,-0.061334792
46,Czechia,0.408544726,T4_CZ06,0.389473684,0.019071042
46,Czechia,0.408544726,T4_CZ01_CZ02,0.410810811,-0.002266085
46,Czechia,0.408544726,T1_CZ03_CZ04,0.420512821,-0.011968094
46,Czechia,0.408544726,T1_CZ07_CZ08,0.397727273,0.010817454
46,Czechia,0.408544726,T1_CZ05_CZ06,0.404145078,0.004399649
47,Czechia,0.433831991,T3_CZ01_CZ02,0.452586207,-0.018754216
47,Czechia,0.433831991,T4_CZ03_CZ04_CZ05,0.440514469,-0.006682479
47,Czechia,0.433831991,T4_CZ06,0.380952381,0.05287961
47,Czechia,0.433831991,T4_CZ07_CZ08,0.429864253,0.003967737
47,Czechia,0.433831991,T1_CZ01_CZ02,0.452586207,-0.018754216
47,Czechia,0.433831991,T3_CZ03_CZ04_CZ05,0.440514469,-0.006682479
47,Czechia,0.433831991,T2_CZ07_CZ08,0.429864253,0.003967737
47,Czechia,0.433831991,T2_CZ04_CZ05,0.42364532,0.010186671
47,Czechia,0.433831991,T1_CZ05_CZ06,0.41314554,0.020686451
47,Czechia,0.433831991,T4_CZ01_CZ02,0.452586207,-0.018754216
47,Czechia,0.433831991,T1_CZ03_CZ04,0.438423645,-0.004591655
47,Czechia,0.433831991,T2_CZ01_CZ02,0.452586207,-0.018754216
47,Czechia,0.433831991,T2_CZ03_CZ06,0.427230047,0.006601944
47,Czechia,0.433831991,T3_CZ08,0.452991453,-0.019159462
47,Czechia,0.433831991,T1_CZ07_CZ08,0.429864253,0.003967737
47,Czechia,0.433831991,T3_CZ06_CZ07,0.392344498,0.041487493
48,Czechia,0.207446809,T2_CZ03_CZ06,0.215517241,-0.008070433
48,Czechia,0.207446809,T2_CZ04_CZ05,0.213636364,-0.006189555
48,Czechia,0.207446809,T2_CZ07_CZ08,0.210084034,-0.002637225
48,Czechia,0.207446809,T4_CZ03_CZ04_CZ05,0.213213213,-0.005766405
48,Czechia,0.207446809,T2_CZ01_CZ02,0.192,0.015446809
48,Czechia,0.207446809,T4_CZ01_CZ02,0.192,0.015446809
48,Czechia,0.207446809,T3_CZ01_CZ02,0.192,0.015446809
48,Czechia,0.207446809,T1_CZ01_CZ02,0.192,0.015446809
48,Czechia,0.207446809,T1_CZ07_CZ08,0.210084034,-0.002637225
48,Czechia,0.207446809,T1_CZ05_CZ06,0.212121212,-0.004674404
48,Czechia,0.207446809,T4_CZ07_CZ08,0.210084034,-0.002637225
48,Czechia,0.207446809,T4_CZ06,0.218487395,-0.011040586
48,Czechia,0.207446809,T1_CZ03_CZ04,0.21719457,-0.009747762
48,Czechia,0.207446809,T3_CZ08,0.192,0.015446809
48,Czechia,0.207446809,T3_CZ03_CZ04_CZ05,0.213213213,-0.005766405
48,Czechia,0.207446809,T3_CZ06_CZ07,0.224137931,-0.016691123
49,Czechia,0.478453039,T1_CZ03_CZ04,0.495283019,-0.01682998
49,Czechia,0.478453039,T4_CZ03_CZ04_CZ05,0.482972136,-0.004519098
49,Czechia,0.478453039,T4_CZ06,0.465517241,0.012935797
49,Czechia,0.478453039,T1_CZ05_CZ06,0.462555066,0.015897973
49,Czechia,0.478453039,T3_CZ08,0.478632479,-1.79E-04
49,Czechia,0.478453039,T2_CZ01_CZ02,0.474789916,0.003663123
49,Czechia,0.478453039,T1_CZ07_CZ08,0.48245614,-0.004003102
49,Czechia,0.478453039,T3_CZ03_CZ04_CZ05,0.482972136,-0.004519098
49,Czechia,0.478453039,T3_CZ06_CZ07,0.475770925,0.002682114
49,Czechia,0.478453039,T2_CZ07_CZ08,0.48245614,-0.004003102
49,Czechia,0.478453039,T4_CZ07_CZ08,0.48245614,-0.004003102
49,Czechia,0.478453039,T3_CZ01_CZ02,0.474789916,0.003663123
49,Czechia,0.478453039,T1_CZ01_CZ02,0.474789916,0.003663123
49,Czechia,0.478453039,T4_CZ01_CZ02,0.474789916,0.003663123
49,Czechia,0.478453039,T2_CZ04_CZ05,0.5,-0.021546961
49,Czechia,0.478453039,T2_CZ03_CZ06,0.457777778,0.020675261
50,Czechia,0.34876211,T3_CZ03_CZ04_CZ05,0.36,-0.01123789
50,Czechia,0.34876211,T1_CZ03_CZ04,0.374407583,-0.025645473
50,Czechia,0.34876211,T4_CZ03_CZ04_CZ05,0.36,-0.01123789
50,Czechia,0.34876211,T4_CZ01_CZ02,0.361445783,-0.012683673
50,Czechia,0.34876211,T3_CZ06_CZ07,0.339130435,0.009631675
50,Czechia,0.34876211,T3_CZ01_CZ02,0.361445783,-0.012683673
50,Czechia,0.34876211,T1_CZ05_CZ06,0.32034632,0.028415789
50,Czechia,0.34876211,T1_CZ07_CZ08,0.340336134,0.008425975
50,Czechia,0.34876211,T4_CZ06,0.307692308,0.041069802
50,Czechia,0.34876211,T1_CZ01_CZ02,0.361445783,-0.012683673
50,Czechia,0.34876211,T2_CZ07_CZ08,0.340336134,0.008425975
50,Czechia,0.34876211,T4_CZ07_CZ08,0.340336134,0.008425975
50,Czechia,0.34876211,T3_CZ08,0.312,0.03676211
50,Czechia,0.34876211,T2_CZ03_CZ06,0.331858407,0.016903703
50,Czechia,0.34876211,T2_CZ04_CZ05,0.361111111,-0.012349001
50,Czechia,0.34876211,T2_CZ01_CZ02,0.361445783,-0.012683673
51,Czechia,0.436670688,T4_CZ07_CZ08,0.43062201,0.006048678
51,Czechia,0.436670688,T3_CZ01_CZ02,0.45045045,-0.013779763
51,Czechia,0.436670688,T1_CZ05_CZ06,0.411483254,0.025187434
51,Czechia,0.436670688,T1_CZ03_CZ04,0.455026455,-0.018355767
51,Czechia,0.436670688,T1_CZ01_CZ02,0.45045045,-0.013779763
51,Czechia,0.436670688,T4_CZ01_CZ02,0.45045045,-0.013779763
51,Czechia,0.436670688,T3_CZ06_CZ07,0.471153846,-0.034483159
51,Czechia,0.436670688,T2_CZ07_CZ08,0.43062201,0.006048678
51,Czechia,0.436670688,T1_CZ07_CZ08,0.43062201,0.006048678
51,Czechia,0.436670688,T4_CZ06,0.428571429,0.008099259
51,Czechia,0.436670688,T4_CZ03_CZ04_CZ05,0.433447099,0.003223589
51,Czechia,0.436670688,T3_CZ08,0.349056604,0.087614084
51,Czechia,0.436670688,T2_CZ04_CZ05,0.448453608,-0.011782921
51,Czechia,0.436670688,T3_CZ03_CZ04_CZ05,0.433447099,0.003223589
51,Czechia,0.436670688,T2_CZ03_CZ06,0.416666667,0.020004021
51,Czechia,0.436670688,T2_CZ01_CZ02,0.45045045,-0.013779763
52,Czechia,0.838164251,T4_CZ07_CZ08,0.815,0.023164251
52,Czechia,0.838164251,T2_CZ03_CZ06,0.837320574,8.44E-04
52,Czechia,0.838164251,T2_CZ07_CZ08,0.815,0.023164251
52,Czechia,0.838164251,T1_CZ01_CZ02,0.849557522,-0.011393271
52,Czechia,0.838164251,T2_CZ01_CZ02,0.849557522,-0.011393271
52,Czechia,0.838164251,T1_CZ07_CZ08,0.815,0.023164251
52,Czechia,0.838164251,T4_CZ06,0.830188679,0.007975572
52,Czechia,0.838164251,T3_CZ01_CZ02,0.849557522,-0.011393271
52,Czechia,0.838164251,T2_CZ04_CZ05,0.849740933,-0.011576681
52,Czechia,0.838164251,T4_CZ03_CZ04_CZ05,0.847972973,-0.009808722
52,Czechia,0.838164251,T3_CZ08,0.807692308,0.030471944
52,Czechia,0.838164251,T3_CZ03_CZ04_CZ05,0.847972973,-0.009808722
52,Czechia,0.838164251,T1_CZ05_CZ06,0.852941176,-0.014776925
52,Czechia,0.838164251,T3_CZ06_CZ07,0.826732673,0.011431578
52,Czechia,0.838164251,T4_CZ01_CZ02,0.849557522,-0.011393271
52,Czechia,0.838164251,T1_CZ03_CZ04,0.833333333,0.004830918
53,Czechia,0.726235741,T1_CZ05_CZ06,0.721052632,0.00518311
53,Czechia,0.726235741,T3_CZ03_CZ04_CZ05,0.69858156,0.027654181
53,Czechia,0.726235741,T2_CZ04_CZ05,0.697297297,0.028938444
53,Czechia,0.726235741,T3_CZ06_CZ07,0.715789474,0.010446268
53,Czechia,0.726235741,T3_CZ01_CZ02,0.781395349,-0.055159607
53,Czechia,0.726235741,T4_CZ06,0.696969697,0.029266044
53,Czechia,0.726235741,T1_CZ03_CZ04,0.67539267,0.050843071
53,Czechia,0.726235741,T1_CZ01_CZ02,0.781395349,-0.055159607
53,Czechia,0.726235741,T3_CZ08,0.705882353,0.020353389
53,Czechia,0.726235741,T2_CZ07_CZ08,0.720207254,0.006028488
53,Czechia,0.726235741,T2_CZ03_CZ06,0.698979592,0.02725615
53,Czechia,0.726235741,T4_CZ03_CZ04_CZ05,0.69858156,0.027654181
53,Czechia,0.726235741,T4_CZ01_CZ02,0.781395349,-0.055159607
53,Czechia,0.726235741,T1_CZ07_CZ08,0.720207254,0.006028488
53,Czechia,0.726235741,T4_CZ07_CZ08,0.720207254,0.006028488
53,Czechia,0.726235741,T2_CZ01_CZ02,0.781395349,-0.055159607
54,Czechia,0.56780924,T1_CZ03_CZ04,0.588235294,-0.020426054
54,Czechia,0.56780924,T2_CZ04_CZ05,0.647058824,-0.079249584
54,Czechia,0.56780924,T2_CZ07_CZ08,0.550561798,0.017247442
54,Czechia,0.56780924,T2_CZ03_CZ06,0.547619048,0.020190192
54,Czechia,0.56780924,T4_CZ03_CZ04_CZ05,0.606060606,-0.038251366
54,Czechia,0.56780924,T4_CZ01_CZ02,0.534883721,0.032925519
54,Czechia,0.56780924,T3_CZ01_CZ02,0.534883721,0.032925519
54,Czechia,0.56780924,T2_CZ01_CZ02,0.534883721,0.032925519
54,Czechia,0.56780924,T1_CZ01_CZ02,0.534883721,0.032925519
54,Czechia,0.56780924,T4_CZ07_CZ08,0.550561798,0.017247442
54,Czechia,0.56780924,T1_CZ05_CZ06,0.601190476,-0.033381236
54,Czechia,0.56780924,T1_CZ07_CZ08,0.550561798,0.017247442
54,Czechia,0.56780924,T3_CZ08,0.534090909,0.033718331
54,Czechia,0.56780924,T3_CZ03_CZ04_CZ05,0.606060606,-0.038251366
54,Czechia,0.56780924,T4_CZ06,0.566666667,0.001142573
54,Czechia,0.56780924,T3_CZ06_CZ07,0.566666667,0.001142573
55,Czechia,0.41025641,T4_CZ06,0.422413793,-0.012157383
55,Czechia,0.41025641,T2_CZ07_CZ08,0.384937238,0.025319172
55,Czechia,0.41025641,T4_CZ03_CZ04_CZ05,0.398791541,0.011464869
55,Czechia,0.41025641,T3_CZ08,0.347107438,0.063148972
55,Czechia,0.41025641,T1_CZ03_CZ04,0.388888889,0.021367521
55,Czechia,0.41025641,T2_CZ04_CZ05,0.413636364,-0.003379953
55,Czechia,0.41025641,T3_CZ06_CZ07,0.423076923,-0.012820513
55,Czechia,0.41025641,T2_CZ01_CZ02,0.444,-0.03374359
55,Czechia,0.41025641,T4_CZ01_CZ02,0.444,-0.03374359
55,Czechia,0.41025641,T1_CZ01_CZ02,0.444,-0.03374359
55,Czechia,0.41025641,T3_CZ03_CZ04_CZ05,0.398791541,0.011464869
55,Czechia,0.41025641,T4_CZ07_CZ08,0.384937238,0.025319172
55,Czechia,0.41025641,T3_CZ01_CZ02,0.444,-0.03374359
55,Czechia,0.41025641,T2_CZ03_CZ06,0.396475771,0.013780639
55,Czechia,0.41025641,T1_CZ07_CZ08,0.384937238,0.025319172
55,Czechia,0.41025641,T1_CZ05_CZ06,0.41991342,-0.00965701
56,Czechia,0.533665835,T3_CZ06_CZ07,0.51758794,0.016077896
56,Czechia,0.533665835,T4_CZ07_CZ08,0.51980198,0.013863855
56,Czechia,0.533665835,T2_CZ07_CZ08,0.51980198,0.013863855
56,Czechia,0.533665835,T3_CZ03_CZ04_CZ05,0.561403509,-0.027737673
56,Czechia,0.533665835,T2_CZ04_CZ05,0.579787234,-0.046121399
56,Czechia,0.533665835,T4_CZ03_CZ04_CZ05,0.561403509,-0.027737673
56,Czechia,0.533665835,T3_CZ01_CZ02,0.530516432,0.003149403
56,Czechia,0.533665835,T4_CZ06,0.490196078,0.043469757
56,Czechia,0.533665835,T2_CZ01_CZ02,0.530516432,0.003149403
56,Czechia,0.533665835,T2_CZ03_CZ06,0.507537688,0.026128147
56,Czechia,0.533665835,T1_CZ01_CZ02,0.530516432,0.003149403
56,Czechia,0.533665835,T1_CZ07_CZ08,0.51980198,0.013863855
56,Czechia,0.533665835,T4_CZ01_CZ02,0.530516432,0.003149403
56,Czechia,0.533665835,T1_CZ05_CZ06,0.507537688,0.026128147
56,Czechia,0.533665835,T3_CZ08,0.495238095,0.03842774
56,Czechia,0.533665835,T1_CZ03_CZ04,0.579787234,-0.046121399
57,Czechia,0.307855626,T2_CZ07_CZ08,0.295081967,0.012773659
57,Czechia,0.307855626,T1_CZ03_CZ04,0.292792793,0.015062834
57,Czechia,0.307855626,T1_CZ05_CZ06,0.328947368,-0.021091742
57,Czechia,0.307855626,T1_CZ01_CZ02,0.314516129,-0.006660503
57,Czechia,0.307855626,T3_CZ03_CZ04_CZ05,0.304733728,0.003121899
57,Czechia,0.307855626,T3_CZ01_CZ02,0.314516129,-0.006660503
57,Czechia,0.307855626,T2_CZ04_CZ05,0.311111111,-0.003255485
57,Czechia,0.307855626,T1_CZ07_CZ08,0.295081967,0.012773659
57,Czechia,0.307855626,T2_CZ01_CZ02,0.314516129,-0.006660503
57,Czechia,0.307855626,T2_CZ03_CZ06,0.311111111,-0.003255485
57,Czechia,0.307855626,T4_CZ06,0.330357143,-0.022501517
57,Czechia,0.307855626,T3_CZ06_CZ07,0.326086957,-0.01823133
57,Czechia,0.307855626,T3_CZ08,0.26984127,0.038014356
57,Czechia,0.307855626,T4_CZ01_CZ02,0.314516129,-0.006660503
57,Czechia,0.307855626,T4_CZ07_CZ08,0.295081967,0.012773659
57,Czechia,0.307855626,T4_CZ03_CZ04_CZ05,0.304733728,0.003121899
58,Czechia,0.585978836,T3_CZ06_CZ07,0.545945946,0.04003289
58,Czechia,0.585978836,T3_CZ08,0.535353535,0.050625301
58,Czechia,0.585978836,T3_CZ03_CZ04_CZ05,0.62962963,-0.043650794
58,Czechia,0.585978836,T1_CZ03_CZ04,0.634285714,-0.048306878
58,Czechia,0.585978836,T1_CZ05_CZ06,0.559139785,0.026839051
58,Czechia,0.585978836,T1_CZ07_CZ08,0.564766839,0.021211997
58,Czechia,0.585978836,T2_CZ04_CZ05,0.642458101,-0.056479265
58,Czechia,0.585978836,T2_CZ07_CZ08,0.564766839,0.021211997
58,Czechia,0.585978836,T4_CZ07_CZ08,0.564766839,0.021211997
58,Czechia,0.585978836,T4_CZ01_CZ02,0.589108911,-0.003130075
58,Czechia,0.585978836,T3_CZ01_CZ02,0.589108911,-0.003130075
58,Czechia,0.585978836,T2_CZ03_CZ06,0.549450549,0.036528287
58,Czechia,0.585978836,T4_CZ06,0.494505495,0.091473341
58,Czechia,0.585978836,T4_CZ03_CZ04_CZ05,0.62962963,-0.043650794
58,Czechia,0.585978836,T1_CZ01_CZ02,0.589108911,-0.003130075
58,Czechia,0.585978836,T2_CZ01_CZ02,0.589108911,-0.003130075
59,Czechia,0.645631068,T2_CZ07_CZ08,0.675925926,-0.030294858
59,Czechia,0.645631068,T2_CZ04_CZ05,0.681081081,-0.035450013
59,Czechia,0.645631068,T4_CZ01_CZ02,0.574074074,0.071556994
59,Czechia,0.645631068,T4_CZ03_CZ04_CZ05,0.684210526,-0.038579458
59,Czechia,0.645631068,T1_CZ05_CZ06,0.632850242,0.012780826
59,Czechia,0.645631068,T4_CZ07_CZ08,0.675925926,-0.030294858
59,Czechia,0.645631068,T1_CZ03_CZ04,0.708108108,-0.06247704
59,Czechia,0.645631068,T1_CZ07_CZ08,0.675925926,-0.030294858
59,Czechia,0.645631068,T2_CZ03_CZ06,0.657004831,-0.011373763
59,Czechia,0.645631068,T3_CZ08,0.730434783,-0.084803715
59,Czechia,0.645631068,T4_CZ06,0.626168224,0.019462844
59,Czechia,0.645631068,T3_CZ01_CZ02,0.574074074,0.071556994
59,Czechia,0.645631068,T2_CZ01_CZ02,0.574074074,0.071556994
59,Czechia,0.645631068,T1_CZ01_CZ02,0.574074074,0.071556994
59,Czechia,0.645631068,T3_CZ06_CZ07,0.620192308,0.02543876
59,Czechia,0.645631068,T3_CZ03_CZ04_CZ05,0.684210526,-0.038579458
60,Czechia,0.604116223,T3_CZ08,0.714285714,-0.110169492
60,Czechia,0.604116223,T1_CZ05_CZ06,0.585714286,0.018401937
60,Czechia,0.604116223,T4_CZ01_CZ02,0.527522936,0.076593287
60,Czechia,0.604116223,T4_CZ07_CZ08,0.640186916,-0.036070693
60,Czechia,0.604116223,T3_CZ03_CZ04_CZ05,0.628070175,-0.023953953
60,Czechia,0.604116223,T1_CZ07_CZ08,0.640186916,-0.036070693
60,Czechia,0.604116223,T3_CZ06_CZ07,0.592417062,0.011699161
60,Czechia,0.604116223,T4_CZ03_CZ04_CZ05,0.628070175,-0.023953953
60,Czechia,0.604116223,T1_CZ03_CZ04,0.673913043,-0.069796821
60,Czechia,0.604116223,T2_CZ03_CZ06,0.620689655,-0.016573432
60,Czechia,0.604116223,T4_CZ06,0.623853211,-0.019736988
60,Czechia,0.604116223,T2_CZ01_CZ02,0.527522936,0.076593287
60,Czechia,0.604116223,T3_CZ01_CZ02,0.527522936,0.076593287
60,Czechia,0.604116223,T2_CZ07_CZ08,0.640186916,-0.036070693
60,Czechia,0.604116223,T1_CZ01_CZ02,0.527522936,0.076593287
60,Czechia,0.604116223,T2_CZ04_CZ05,0.633507853,-0.029391631
61,Czechia,0.715867159,T3_CZ01_CZ02,0.706976744,0.008890414
61,Czechia,0.715867159,T1_CZ03_CZ04,0.76344086,-0.047573702
61,Czechia,0.715867159,T1_CZ01_CZ02,0.706976744,0.008890414
61,Czechia,0.715867159,T1_CZ07_CZ08,0.702970297,0.012896862
61,Czechia,0.715867159,T2_CZ01_CZ02,0.706976744,0.008890414
61,Czechia,0.715867159,T3_CZ06_CZ07,0.642512077,0.073355081
61,Czechia,0.715867159,T4_CZ01_CZ02,0.706976744,0.008890414
61,Czechia,0.715867159,T4_CZ06,0.651376147,0.064491012
61,Czechia,0.715867159,T2_CZ07_CZ08,0.702970297,0.012896862
61,Czechia,0.715867159,T2_CZ04_CZ05,0.774193548,-0.05832639
61,Czechia,0.715867159,T1_CZ05_CZ06,0.695238095,0.020629063
61,Czechia,0.715867159,T3_CZ03_CZ04_CZ05,0.756097561,-0.040230402
61,Czechia,0.715867159,T4_CZ07_CZ08,0.702970297,0.012896862
61,Czechia,0.715867159,T3_CZ08,0.769230769,-0.053363611
61,Czechia,0.715867159,T4_CZ03_CZ04_CZ05,0.756097561,-0.040230402
61,Czechia,0.715867159,T2_CZ03_CZ06,0.685714286,0.030152873
62,Czechia,0.686956522,T1_CZ05_CZ06,0.719047619,-0.032091097
62,Czechia,0.686956522,T1_CZ07_CZ08,0.688118812,-0.00116229
62,Czechia,0.686956522,T2_CZ07_CZ08,0.688118812,-0.00116229
62,Czechia,0.686956522,T3_CZ01_CZ02,0.611111111,0.075845411
62,Czechia,0.686956522,T1_CZ03_CZ04,0.740112994,-0.053156473
62,Czechia,0.686956522,T2_CZ04_CZ05,0.744565217,-0.057608696
62,Czechia,0.686956522,T2_CZ03_CZ06,0.714285714,-0.027329193
62,Czechia,0.686956522,T4_CZ06,0.703703704,-0.016747182
62,Czechia,0.686956522,T4_CZ01_CZ02,0.611111111,0.075845411
62,Czechia,0.686956522,T4_CZ07_CZ08,0.688118812,-0.00116229
62,Czechia,0.686956522,T1_CZ01_CZ02,0.611111111,0.075845411
62,Czechia,0.686956522,T4_CZ03_CZ04_CZ05,0.738351254,-0.051394733
62,Czechia,0.686956522,T3_CZ08,0.745098039,-0.058141517
62,Czechia,0.686956522,T3_CZ06_CZ07,0.668269231,0.018687291
62,Czechia,0.686956522,T2_CZ01_CZ02,0.611111111,0.075845411
62,Czechia,0.686956522,T3_CZ03_CZ04_CZ05,0.738351254,-0.051394733
63,Czechia,0.804809052,T1_CZ07_CZ08,0.780487805,0.024321247
63,Czechia,0.804809052,T2_CZ01_CZ02,0.798882682,0.005926371
63,Czechia,0.804809052,T3_CZ06_CZ07,0.787356322,0.01745273
63,Czechia,0.804809052,T2_CZ07_CZ08,0.780487805,0.024321247
63,Czechia,0.804809052,T3_CZ03_CZ04_CZ05,0.82437276,-0.019563708
63,Czechia,0.804809052,T1_CZ01_CZ02,0.798882682,0.005926371
63,Czechia,0.804809052,T4_CZ03_CZ04_CZ05,0.82437276,-0.019563708
63,Czechia,0.804809052,T3_CZ08,0.786666667,0.018142386
63,Czechia,0.804809052,T1_CZ03_CZ04,0.826086957,-0.021277904
63,Czechia,0.804809052,T2_CZ04_CZ05,0.819587629,-0.014778577
63,Czechia,0.804809052,T4_CZ01_CZ02,0.798882682,0.005926371
63,Czechia,0.804809052,T3_CZ01_CZ02,0.798882682,0.005926371
63,Czechia,0.804809052,T1_CZ05_CZ06,0.811111111,-0.006302059
63,Czechia,0.804809052,T4_CZ07_CZ08,0.780487805,0.024321247
63,Czechia,0.804809052,T2_CZ03_CZ06,0.817647059,-0.012838006
63,Czechia,0.804809052,T4_CZ06,0.8,0.004809052
64,Czechia,0.821510297,T4_CZ03_CZ04_CZ05,0.840116279,-0.018605982
64,Czechia,0.821510297,T3_CZ03_CZ04_CZ05,0.840116279,-0.018605982
64,Czechia,0.821510297,T4_CZ01_CZ02,0.788018433,0.033491864
64,Czechia,0.821510297,T2_CZ07_CZ08,0.845410628,-0.023900331
64,Czechia,0.821510297,T2_CZ01_CZ02,0.788018433,0.033491864
64,Czechia,0.821510297,T1_CZ03_CZ04,0.84279476,-0.021284462
64,Czechia,0.821510297,T1_CZ01_CZ02,0.788018433,0.033491864
64,Czechia,0.821510297,T3_CZ08,0.854166667,-0.032656369
64,Czechia,0.821510297,T3_CZ01_CZ02,0.788018433,0.033491864
64,Czechia,0.821510297,T1_CZ07_CZ08,0.845410628,-0.023900331
64,Czechia,0.821510297,T1_CZ05_CZ06,0.809954751,0.011555546
64,Czechia,0.821510297,T4_CZ07_CZ08,0.845410628,-0.023900331
64,Czechia,0.821510297,T2_CZ04_CZ05,0.833333333,-0.011823036
64,Czechia,0.821510297,T4_CZ06,0.783018868,0.03849143
64,Czechia,0.821510297,T2_CZ03_CZ06,0.819047619,0.002462678
64,Czechia,0.821510297,T3_CZ06_CZ07,0.811059908,0.01045039
65,Czechia,0.815315315,T4_CZ03_CZ04_CZ05,0.833819242,-0.018503927
65,Czechia,0.815315315,T2_CZ01_CZ02,0.774774775,0.040540541
65,Czechia,0.815315315,T4_CZ07_CZ08,0.841121495,-0.02580618
65,Czechia,0.815315315,T1_CZ07_CZ08,0.841121495,-0.02580618
65,Czechia,0.815315315,T1_CZ03_CZ04,0.836909871,-0.021594556
65,Czechia,0.815315315,T2_CZ04_CZ05,0.841201717,-0.025886401
65,Czechia,0.815315315,T4_CZ01_CZ02,0.774774775,0.040540541
65,Czechia,0.815315315,T3_CZ08,0.855769231,-0.040453915
65,Czechia,0.815315315,T3_CZ06_CZ07,0.808219178,0.007096137
65,Czechia,0.815315315,T1_CZ05_CZ06,0.808219178,0.007096137
65,Czechia,0.815315315,T4_CZ06,0.788990826,0.02632449
65,Czechia,0.815315315,T1_CZ01_CZ02,0.774774775,0.040540541
65,Czechia,0.815315315,T3_CZ03_CZ04_CZ05,0.833819242,-0.018503927
65,Czechia,0.815315315,T2_CZ03_CZ06,0.803652968,0.011662347
65,Czechia,0.815315315,T2_CZ07_CZ08,0.841121495,-0.02580618
65,Czechia,0.815315315,T3_CZ01_CZ02,0.774774775,0.040540541
66,Czechia,0.688701923,T3_CZ01_CZ02,0.6492891,0.039412824
66,Czechia,0.688701923,T1_CZ03_CZ04,0.674208145,0.014493778
66,Czechia,0.688701923,T1_CZ07_CZ08,0.734693878,-0.045991954
66,Czechia,0.688701923,T1_CZ05_CZ06,0.700980392,-0.012278469
66,Czechia,0.688701923,T3_CZ06_CZ07,0.72361809,-0.034916167
66,Czechia,0.688701923,T4_CZ06,0.690721649,-0.002019726
66,Czechia,0.688701923,T4_CZ07_CZ08,0.734693878,-0.045991954
66,Czechia,0.688701923,T4_CZ03_CZ04_CZ05,0.68597561,0.002726313
66,Czechia,0.688701923,T3_CZ08,0.712765957,-0.024064034
66,Czechia,0.688701923,T2_CZ07_CZ08,0.734693878,-0.045991954
66,Czechia,0.688701923,T2_CZ04_CZ05,0.721973094,-0.033271171
66,Czechia,0.688701923,T1_CZ01_CZ02,0.6492891,0.039412824
66,Czechia,0.688701923,T3_CZ03_CZ04_CZ05,0.68597561,0.002726313
66,Czechia,0.688701923,T2_CZ01_CZ02,0.6492891,0.039412824
66,Czechia,0.688701923,T4_CZ01_CZ02,0.6492891,0.039412824
66,Czechia,0.688701923,T2_CZ03_CZ06,0.648514851,0.040187072
67,Czechia,0.54875,T2_CZ04_CZ05,0.598173516,-0.049423516
67,Czechia,0.54875,T2_CZ07_CZ08,0.582474227,-0.033724227
67,Czechia,0.54875,T3_CZ08,0.536842105,0.011907895
67,Czechia,0.54875,T3_CZ06_CZ07,0.589189189,-0.040439189
67,Czechia,0.54875,T3_CZ03_CZ04_CZ05,0.567901235,-0.019151235
67,Czechia,0.54875,T1_CZ05_CZ06,0.559585492,-0.010835492
67,Czechia,0.54875,T4_CZ01_CZ02,0.484693878,0.064056122
67,Czechia,0.54875,T2_CZ01_CZ02,0.484693878,0.064056122
67,Czechia,0.54875,T4_CZ03_CZ04_CZ05,0.567901235,-0.019151235
67,Czechia,0.54875,T1_CZ01_CZ02,0.484693878,0.064056122
67,Czechia,0.54875,T2_CZ03_CZ06,0.523560209,0.025189791
67,Czechia,0.54875,T3_CZ01_CZ02,0.484693878,0.064056122
67,Czechia,0.54875,T4_CZ07_CZ08,0.582474227,-0.033724227
67,Czechia,0.54875,T1_CZ03_CZ04,0.566820276,-0.018070276
67,Czechia,0.54875,T1_CZ07_CZ08,0.582474227,-0.033724227
67,Czechia,0.54875,T4_CZ06,0.546511628,0.002238372
68,Czechia,0.624819625,T2_CZ03_CZ06,0.592592593,0.032227032
68,Czechia,0.624819625,T2_CZ01_CZ02,0.604519774,0.020299851
68,Czechia,0.624819625,T3_CZ01_CZ02,0.604519774,0.020299851
68,Czechia,0.624819625,T1_CZ07_CZ08,0.62804878,-0.003229156
68,Czechia,0.624819625,T1_CZ05_CZ06,0.638554217,-0.013734592
68,Czechia,0.624819625,T4_CZ07_CZ08,0.62804878,-0.003229156
68,Czechia,0.624819625,T3_CZ03_CZ04_CZ05,0.636690647,-0.011871023
68,Czechia,0.624819625,T3_CZ06_CZ07,0.64556962,-0.020749995
68,Czechia,0.624819625,T2_CZ07_CZ08,0.62804878,-0.003229156
68,Czechia,0.624819625,T2_CZ04_CZ05,0.668421053,-0.043601428
68,Czechia,0.624819625,T1_CZ03_CZ04,0.629032258,-0.004212633
68,Czechia,0.624819625,T4_CZ01_CZ02,0.604519774,0.020299851
68,Czechia,0.624819625,T4_CZ03_CZ04_CZ05,0.636690647,-0.011871023
68,Czechia,0.624819625,T3_CZ08,0.5875,0.037319625
68,Czechia,0.624819625,T1_CZ01_CZ02,0.604519774,0.020299851
68,Czechia,0.624819625,T4_CZ06,0.621621622,0.003198003
69,Czechia,0.712962963,T3_CZ03_CZ04_CZ05,0.733788396,-0.020825433
69,Czechia,0.712962963,T3_CZ06_CZ07,0.713513514,-5.51E-04
69,Czechia,0.712962963,T1_CZ03_CZ04,0.753694581,-0.040731618
69,Czechia,0.712962963,T4_CZ06,0.738636364,-0.025673401
69,Czechia,0.712962963,T4_CZ07_CZ08,0.691891892,0.021071071
69,Czechia,0.712962963,T1_CZ01_CZ02,0.689473684,0.023489279
69,Czechia,0.712962963,T3_CZ01_CZ02,0.689473684,0.023489279
69,Czechia,0.712962963,T4_CZ01_CZ02,0.689473684,0.023489279
69,Czechia,0.712962963,T4_CZ03_CZ04_CZ05,0.733788396,-0.020825433
69,Czechia,0.712962963,T2_CZ07_CZ08,0.691891892,0.021071071
69,Czechia,0.712962963,T1_CZ07_CZ08,0.691891892,0.021071071
69,Czechia,0.712962963,T2_CZ01_CZ02,0.689473684,0.023489279
69,Czechia,0.712962963,T2_CZ04_CZ05,0.729064039,-0.016101076
69,Czechia,0.712962963,T2_CZ03_CZ06,0.741573034,-0.028610071
69,Czechia,0.712962963,T1_CZ05_CZ06,0.713483146,-5.20E-04
69,Czechia,0.712962963,T3_CZ08,0.693181818,0.019781145
70,Czechia,0.764640884,T3_CZ03_CZ04_CZ05,0.802469136,-0.037828252
70,Czechia,0.764640884,T3_CZ06_CZ07,0.734234234,0.03040665
70,Czechia,0.764640884,T1_CZ07_CZ08,0.760683761,0.003957123
70,Czechia,0.764640884,T3_CZ01_CZ02,0.728813559,0.035827325
70,Czechia,0.764640884,T1_CZ01_CZ02,0.728813559,0.035827325
70,Czechia,0.764640884,T1_CZ05_CZ06,0.763636364,0.00100452
70,Czechia,0.764640884,T4_CZ01_CZ02,0.728813559,0.035827325
70,Czechia,0.764640884,T2_CZ07_CZ08,0.760683761,0.003957123
70,Czechia,0.764640884,T2_CZ01_CZ02,0.728813559,0.035827325
70,Czechia,0.764640884,T1_CZ03_CZ04,0.809302326,-0.044661442
70,Czechia,0.764640884,T2_CZ03_CZ06,0.760180995,0.004459889
70,Czechia,0.764640884,T4_CZ03_CZ04_CZ05,0.802469136,-0.037828252
70,Czechia,0.764640884,T3_CZ08,0.788617886,-0.023977002
70,Czechia,0.764640884,T2_CZ04_CZ05,0.813084112,-0.048443228
70,Czechia,0.764640884,T4_CZ06,0.738738739,0.025902145
70,Czechia,0.764640884,T4_CZ07_CZ08,0.760683761,0.003957123
71,Czechia,0.625,T1_CZ07_CZ08,0.63,-0.005
71,Czechia,0.625,T2_CZ01_CZ02,0.554054054,0.070945946
71,Czechia,0.625,T2_CZ04_CZ05,0.715846995,-0.090846995
71,Czechia,0.625,T2_CZ07_CZ08,0.63,-0.005
71,Czechia,0.625,T4_CZ01_CZ02,0.554054054,0.070945946
71,Czechia,0.625,T4_CZ03_CZ04_CZ05,0.684782609,-0.059782609
71,Czechia,0.625,T2_CZ03_CZ06,0.615384615,0.009615385
71,Czechia,0.625,T3_CZ08,0.705882353,-0.080882353
71,Czechia,0.625,T1_CZ05_CZ06,0.646766169,-0.021766169
71,Czechia,0.625,T3_CZ06_CZ07,0.58,0.045
71,Czechia,0.625,T3_CZ01_CZ02,0.554054054,0.070945946
71,Czechia,0.625,T3_CZ03_CZ04_CZ05,0.684782609,-0.059782609
71,Czechia,0.625,T1_CZ03_CZ04,0.683615819,-0.058615819
71,Czechia,0.625,T4_CZ06,0.607843137,0.017156863
71,Czechia,0.625,T4_CZ07_CZ08,0.63,-0.005
71,Czechia,0.625,T1_CZ01_CZ02,0.554054054,0.070945946
72,Czechia,0.520367937,T2_CZ03_CZ06,0.547486034,-0.027118097
72,Czechia,0.520367937,T1_CZ05_CZ06,0.524324324,-0.003956387
72,Czechia,0.520367937,T3_CZ06_CZ07,0.566473988,-0.046106052
72,Czechia,0.520367937,T2_CZ04_CZ05,0.539906103,-0.019538166
72,Czechia,0.520367937,T2_CZ01_CZ02,0.459183673,0.061184263
72,Czechia,0.520367937,T1_CZ07_CZ08,0.537572254,-0.017204317
72,Czechia,0.520367937,T4_CZ01_CZ02,0.459183673,0.061184263
72,Czechia,0.520367937,T4_CZ06,0.592592593,-0.072224656
72,Czechia,0.520367937,T4_CZ07_CZ08,0.537572254,-0.017204317
72,Czechia,0.520367937,T1_CZ03_CZ04,0.560386473,-0.040018537
72,Czechia,0.520367937,T3_CZ03_CZ04_CZ05,0.530546624,-0.010178687
72,Czechia,0.520367937,T4_CZ03_CZ04_CZ05,0.530546624,-0.010178687
72,Czechia,0.520367937,T2_CZ07_CZ08,0.537572254,-0.017204317
72,Czechia,0.520367937,T3_CZ01_CZ02,0.459183673,0.061184263
72,Czechia,0.520367937,T1_CZ01_CZ02,0.459183673,0.061184263
72,Czechia,0.520367937,T3_CZ08,0.530864198,-0.010496261
73,Czechia,0.56336261,T1_CZ03_CZ04,0.610576923,-0.047214313
73,Czechia,0.56336261,T1_CZ01_CZ02,0.527363184,0.035999426
73,Czechia,0.56336261,T4_CZ06,0.580645161,-0.017282552
73,Czechia,0.56336261,T4_CZ07_CZ08,0.584210526,-0.020847917
73,Czechia,0.56336261,T4_CZ01_CZ02,0.527363184,0.035999426
73,Czechia,0.56336261,T4_CZ03_CZ04_CZ05,0.568690096,-0.005327486
73,Czechia,0.56336261,T3_CZ01_CZ02,0.527363184,0.035999426
73,Czechia,0.56336261,T2_CZ01_CZ02,0.527363184,0.035999426
73,Czechia,0.56336261,T3_CZ08,0.554347826,0.009014784
73,Czechia,0.56336261,T3_CZ06_CZ07,0.596858639,-0.033496029
73,Czechia,0.56336261,T1_CZ05_CZ06,0.53030303,0.033059579
73,Czechia,0.56336261,T1_CZ07_CZ08,0.584210526,-0.020847917
73,Czechia,0.56336261,T3_CZ03_CZ04_CZ05,0.568690096,-0.005327486
73,Czechia,0.56336261,T2_CZ03_CZ06,0.544502618,0.018859992
73,Czechia,0.56336261,T2_CZ04_CZ05,0.595348837,-0.031986227
73,Czechia,0.56336261,T2_CZ07_CZ08,0.584210526,-0.020847917
74,Czechia,0.331811263,T3_CZ06_CZ07,0.303797468,0.028013795
74,Czechia,0.331811263,T4_CZ03_CZ04_CZ05,0.329457364,0.002353899
74,Czechia,0.331811263,T3_CZ03_CZ04_CZ05,0.329457364,0.002353899
74,Czechia,0.331811263,T4_CZ01_CZ02,0.358381503,-0.02657024
74,Czechia,0.331811263,T2_CZ01_CZ02,0.358381503,-0.02657024
74,Czechia,0.331811263,T1_CZ01_CZ02,0.358381503,-0.02657024
74,Czechia,0.331811263,T3_CZ08,0.338235294,-0.006424031
74,Czechia,0.331811263,T4_CZ06,0.296296296,0.035514967
74,Czechia,0.331811263,T4_CZ07_CZ08,0.324137931,0.007673332
74,Czechia,0.331811263,T2_CZ03_CZ06,0.289308176,0.042503087
74,Czechia,0.331811263,T3_CZ01_CZ02,0.358381503,-0.02657024
74,Czechia,0.331811263,T2_CZ04_CZ05,0.35,-0.018188737
74,Czechia,0.331811263,T2_CZ07_CZ08,0.324137931,0.007673332
74,Czechia,0.331811263,T1_CZ07_CZ08,0.324137931,0.007673332
74,Czechia,0.331811263,T1_CZ03_CZ04,0.329479769,0.002331495
74,Czechia,0.331811263,T1_CZ05_CZ06,0.313253012,0.018558251
75,Czechia,0.310067114,T3_CZ03_CZ04_CZ05,0.310810811,-7.44E-04
75,Czechia,0.310067114,T2_CZ04_CZ05,0.315,-0.004932886
75,Czechia,0.310067114,T1_CZ03_CZ04,0.290816327,0.019250788
75,Czechia,0.310067114,T2_CZ03_CZ06,0.292553191,0.017513923
75,Czechia,0.310067114,T2_CZ07_CZ08,0.293103448,0.016963666
75,Czechia,0.310067114,T3_CZ01_CZ02,0.338797814,-0.0287307
75,Czechia,0.310067114,T2_CZ01_CZ02,0.338797814,-0.0287307
75,Czechia,0.310067114,T4_CZ01_CZ02,0.338797814,-0.0287307
75,Czechia,0.310067114,T1_CZ05_CZ06,0.317708333,-0.007641219
75,Czechia,0.310067114,T1_CZ07_CZ08,0.293103448,0.016963666
75,Czechia,0.310067114,T1_CZ01_CZ02,0.338797814,-0.0287307
75,Czechia,0.310067114,T4_CZ07_CZ08,0.293103448,0.016963666
75,Czechia,0.310067114,T4_CZ06,0.282608696,0.027458418
75,Czechia,0.310067114,T3_CZ06_CZ07,0.288888889,0.021178225
75,Czechia,0.310067114,T3_CZ08,0.290697674,0.01936944
75,Czechia,0.310067114,T4_CZ03_CZ04_CZ05,0.310810811,-7.44E-04
76,Czechia,0.488210818,T2_CZ01_CZ02,0.41025641,0.077954408
76,Czechia,0.488210818,T4_CZ07_CZ08,0.513368984,-0.025158166
76,Czechia,0.488210818,T3_CZ03_CZ04_CZ05,0.544715447,-0.056504629
76,Czechia,0.488210818,T1_CZ05_CZ06,0.494318182,-0.006107364
76,Czechia,0.488210818,T1_CZ03_CZ04,0.54601227,-0.057801452
76,Czechia,0.488210818,T4_CZ03_CZ04_CZ05,0.544715447,-0.056504629
76,Czechia,0.488210818,T3_CZ06_CZ07,0.45026178,0.037949038
76,Czechia,0.488210818,T1_CZ07_CZ08,0.513368984,-0.025158166
76,Czechia,0.488210818,T3_CZ01_CZ02,0.41025641,0.077954408
76,Czechia,0.488210818,T2_CZ07_CZ08,0.513368984,-0.025158166
76,Czechia,0.488210818,T1_CZ01_CZ02,0.41025641,0.077954408
76,Czechia,0.488210818,T2_CZ03_CZ06,0.505376344,-0.017165526
76,Czechia,0.488210818,T2_CZ04_CZ05,0.535947712,-0.047736894
76,Czechia,0.488210818,T4_CZ06,0.451612903,0.036597915
76,Czechia,0.488210818,T4_CZ01_CZ02,0.41025641,0.077954408
76,Czechia,0.488210818,T3_CZ08,0.584269663,-0.096058845
77,Czechia,0.57591623,T2_CZ04_CZ05,0.626506024,-0.050589794
77,Czechia,0.57591623,T2_CZ03_CZ06,0.571428571,0.004487659
77,Czechia,0.57591623,T1_CZ05_CZ06,0.579787234,-0.003871004
77,Czechia,0.57591623,T1_CZ01_CZ02,0.514423077,0.061493153
77,Czechia,0.57591623,T2_CZ07_CZ08,0.603092784,-0.027176553
77,Czechia,0.57591623,T2_CZ01_CZ02,0.514423077,0.061493153
77,Czechia,0.57591623,T1_CZ03_CZ04,0.614942529,-0.039026298
77,Czechia,0.57591623,T4_CZ01_CZ02,0.514423077,0.061493153
77,Czechia,0.57591623,T1_CZ07_CZ08,0.603092784,-0.027176553
77,Czechia,0.57591623,T3_CZ03_CZ04_CZ05,0.62835249,-0.05243626
77,Czechia,0.57591623,T3_CZ08,0.676767677,-0.100851446
77,Czechia,0.57591623,T4_CZ07_CZ08,0.603092784,-0.027176553
77,Czechia,0.57591623,T3_CZ01_CZ02,0.514423077,0.061493153
77,Czechia,0.57591623,T4_CZ03_CZ04_CZ05,0.62835249,-0.05243626
77,Czechia,0.57591623,T3_CZ06_CZ07,0.520408163,0.055508067
77,Czechia,0.57591623,T4_CZ06,0.514851485,0.061064745
78,Czechia,0.670967742,T1_CZ01_CZ02,0.655172414,0.015795328
78,Czechia,0.670967742,T1_CZ05_CZ06,0.663101604,0.007866138
78,Czechia,0.670967742,T1_CZ07_CZ08,0.651041667,0.019926075
78,Czechia,0.670967742,T4_CZ03_CZ04_CZ05,0.705673759,-0.034706017
78,Czechia,0.670967742,T2_CZ03_CZ06,0.665,0.005967742
78,Czechia,0.670967742,T1_CZ03_CZ04,0.715025907,-0.044058165
78,Czechia,0.670967742,T4_CZ01_CZ02,0.655172414,0.015795328
78,Czechia,0.670967742,T2_CZ01_CZ02,0.655172414,0.015795328
78,Czechia,0.670967742,T3_CZ06_CZ07,0.616580311,0.054387431
78,Czechia,0.670967742,T3_CZ08,0.711340206,-0.040372464
78,Czechia,0.670967742,T4_CZ07_CZ08,0.651041667,0.019926075
78,Czechia,0.670967742,T2_CZ04_CZ05,0.716666667,-0.045698925
78,Czechia,0.670967742,T3_CZ01_CZ02,0.655172414,0.015795328
78,Czechia,0.670967742,T4_CZ06,0.642857143,0.028110599
78,Czechia,0.670967742,T3_CZ03_CZ04_CZ05,0.705673759,-0.034706017
78,Czechia,0.670967742,T2_CZ07_CZ08,0.651041667,0.019926075
79,Czechia,0.551044084,T4_CZ01_CZ02,0.553488372,-0.002444289
79,Czechia,0.551044084,T4_CZ06,0.463157895,0.087886189
79,Czechia,0.551044084,T4_CZ07_CZ08,0.519230769,0.031813314
79,Czechia,0.551044084,T2_CZ04_CZ05,0.568807339,-0.017763256
79,Czechia,0.551044084,T1_CZ01_CZ02,0.553488372,-0.002444289
79,Czechia,0.551044084,T2_CZ01_CZ02,0.553488372,-0.002444289
79,Czechia,0.551044084,T3_CZ06_CZ07,0.505154639,0.045889444
79,Czechia,0.551044084,T3_CZ08,0.495412844,0.055631239
79,Czechia,0.551044084,T4_CZ03_CZ04_CZ05,0.593023256,-0.041979172
79,Czechia,0.551044084,T2_CZ03_CZ06,0.561085973,-0.010041889
79,Czechia,0.551044084,T1_CZ05_CZ06,0.5,0.051044084
79,Czechia,0.551044084,T1_CZ07_CZ08,0.519230769,0.031813314
79,Czechia,0.551044084,T2_CZ07_CZ08,0.519230769,0.031813314
79,Czechia,0.551044084,T1_CZ03_CZ04,0.620253165,-0.069209081
79,Czechia,0.551044084,T3_CZ03_CZ04_CZ05,0.593023256,-0.041979172
79,Czechia,0.551044084,T3_CZ01_CZ02,0.553488372,-0.002444289
80,Czechia,0.576419214,T3_CZ01_CZ02,0.622222222,-0.045803008
80,Czechia,0.576419214,T3_CZ03_CZ04_CZ05,0.584269663,-0.007850449
80,Czechia,0.576419214,T2_CZ04_CZ05,0.559471366,0.016947848
80,Czechia,0.576419214,T2_CZ01_CZ02,0.622222222,-0.045803008
80,Czechia,0.576419214,T2_CZ03_CZ06,0.577405858,-9.87E-04
80,Czechia,0.576419214,T1_CZ07_CZ08,0.546666667,0.029752547
80,Czechia,0.576419214,T2_CZ07_CZ08,0.546666667,0.029752547
80,Czechia,0.576419214,T3_CZ08,0.538461538,0.037957676
80,Czechia,0.576419214,T4_CZ01_CZ02,0.622222222,-0.045803008
80,Czechia,0.576419214,T4_CZ06,0.518181818,0.058237396
80,Czechia,0.576419214,T3_CZ06_CZ07,0.536697248,0.039721966
80,Czechia,0.576419214,T1_CZ01_CZ02,0.622222222,-0.045803008
80,Czechia,0.576419214,T1_CZ03_CZ04,0.600823045,-0.024403831
80,Czechia,0.576419214,T1_CZ05_CZ06,0.533632287,0.042786927
80,Czechia,0.576419214,T4_CZ03_CZ04_CZ05,0.584269663,-0.007850449
80,Czechia,0.576419214,T4_CZ07_CZ08,0.546666667,0.029752547
81,Czechia,0.584705882,T2_CZ07_CZ08,0.593137255,-0.008431373
81,Czechia,0.584705882,T3_CZ01_CZ02,0.647058824,-0.062352941
81,Czechia,0.584705882,T2_CZ03_CZ06,0.533653846,0.051052036
81,Czechia,0.584705882,T2_CZ04_CZ05,0.562211982,0.022493901
81,Czechia,0.584705882,T3_CZ06_CZ07,0.551111111,0.033594771
81,Czechia,0.584705882,T3_CZ08,0.612903226,-0.028197343
81,Czechia,0.584705882,T1_CZ07_CZ08,0.593137255,-0.008431373
81,Czechia,0.584705882,T2_CZ01_CZ02,0.647058824,-0.062352941
81,Czechia,0.584705882,T4_CZ03_CZ04_CZ05,0.556270096,0.028435786
81,Czechia,0.584705882,T4_CZ06,0.526315789,0.058390093
81,Czechia,0.584705882,T4_CZ07_CZ08,0.593137255,-0.008431373
81,Czechia,0.584705882,T3_CZ03_CZ04_CZ05,0.556270096,0.028435786
81,Czechia,0.584705882,T1_CZ01_CZ02,0.647058824,-0.062352941
81,Czechia,0.584705882,T1_CZ03_CZ04,0.52970297,0.055002912
81,Czechia,0.584705882,T1_CZ05_CZ06,0.565022422,0.019683461
81,Czechia,0.584705882,T4_CZ01_CZ02,0.647058824,-0.062352941
82,Czechia,0.664202746,T1_CZ05_CZ06,0.665338645,-0.0011359
82,Czechia,0.664202746,T1_CZ03_CZ04,0.606481481,0.057721264
82,Czechia,0.664202746,T1_CZ07_CZ08,0.676855895,-0.01265315
82,Czechia,0.664202746,T2_CZ01_CZ02,0.701195219,-0.036992474
82,Czechia,0.664202746,T4_CZ06,0.627906977,0.036295769
82,Czechia,0.664202746,T2_CZ03_CZ06,0.639130435,0.025072311
82,Czechia,0.664202746,T4_CZ01_CZ02,0.701195219,-0.036992474
82,Czechia,0.664202746,T4_CZ03_CZ04_CZ05,0.642011834,0.022190911
82,Czechia,0.664202746,T1_CZ01_CZ02,0.701195219,-0.036992474
82,Czechia,0.664202746,T3_CZ08,0.660550459,0.003652287
82,Czechia,0.664202746,T2_CZ04_CZ05,0.637130802,0.027071944
82,Czechia,0.664202746,T3_CZ03_CZ04_CZ05,0.642011834,0.022190911
82,Czechia,0.664202746,T3_CZ06_CZ07,0.658634538,0.005568207
82,Czechia,0.664202746,T4_CZ07_CZ08,0.676855895,-0.01265315
82,Czechia,0.664202746,T3_CZ01_CZ02,0.701195219,-0.036992474
82,Czechia,0.664202746,T2_CZ07_CZ08,0.676855895,-0.01265315
83,Czechia,0.57852194,T1_CZ07_CZ08,0.590243902,-0.011721962
83,Czechia,0.57852194,T1_CZ03_CZ04,0.50990099,0.06862095
83,Czechia,0.57852194,T4_CZ06,0.555555556,0.022966384
83,Czechia,0.57852194,T4_CZ07_CZ08,0.590243902,-0.011721962
83,Czechia,0.57852194,T3_CZ01_CZ02,0.613043478,-0.034521538
83,Czechia,0.57852194,T1_CZ05_CZ06,0.593886463,-0.015364523
83,Czechia,0.57852194,T4_CZ01_CZ02,0.613043478,-0.034521538
83,Czechia,0.57852194,T1_CZ01_CZ02,0.613043478,-0.034521538
83,Czechia,0.57852194,T4_CZ03_CZ04_CZ05,0.554140127,0.024381813
83,Czechia,0.57852194,T2_CZ04_CZ05,0.566210046,0.012311894
83,Czechia,0.57852194,T3_CZ08,0.531914894,0.046607046
83,Czechia,0.57852194,T3_CZ06_CZ07,0.596491228,-0.017969288
83,Czechia,0.57852194,T2_CZ03_CZ06,0.54245283,0.03606911
83,Czechia,0.57852194,T2_CZ07_CZ08,0.590243902,-0.011721962
83,Czechia,0.57852194,T2_CZ01_CZ02,0.613043478,-0.034521538
83,Czechia,0.57852194,T3_CZ03_CZ04_CZ05,0.554140127,0.024381813
84,Czechia,0.692571429,T1_CZ03_CZ04,0.645320197,0.047251232
84,Czechia,0.692571429,T1_CZ01_CZ02,0.717948718,-0.025377289
84,Czechia,0.692571429,T4_CZ01_CZ02,0.717948718,-0.025377289
84,Czechia,0.692571429,T4_CZ03_CZ04_CZ05,0.66025641,0.032315018
84,Czechia,0.692571429,T1_CZ07_CZ08,0.713615023,-0.021043595
84,Czechia,0.692571429,T2_CZ01_CZ02,0.717948718,-0.025377289
84,Czechia,0.692571429,T2_CZ03_CZ06,0.666666667,0.025904762
84,Czechia,0.692571429,T1_CZ05_CZ06,0.688888889,0.00368254
84,Czechia,0.692571429,T3_CZ06_CZ07,0.697368421,-0.004796992
84,Czechia,0.692571429,T3_CZ08,0.722772277,-0.030200849
84,Czechia,0.692571429,T4_CZ06,0.689655172,0.002916256
84,Czechia,0.692571429,T4_CZ07_CZ08,0.713615023,-0.021043595
84,Czechia,0.692571429,T3_CZ03_CZ04_CZ05,0.66025641,0.032315018
84,Czechia,0.692571429,T2_CZ04_CZ05,0.669767442,0.022803987
84,Czechia,0.692571429,T2_CZ07_CZ08,0.713615023,-0.021043595
84,Czechia,0.692571429,T3_CZ01_CZ02,0.717948718,-0.025377289
85,Czechia,0.874865156,T3_CZ01_CZ02,0.867521368,0.007343789
85,Czechia,0.874865156,T3_CZ03_CZ04_CZ05,0.894736842,-0.019871686
85,Czechia,0.874865156,T2_CZ04_CZ05,0.894736842,-0.019871686
85,Czechia,0.874865156,T2_CZ07_CZ08,0.852173913,0.022691243
85,Czechia,0.874865156,T4_CZ06,0.87254902,0.002316137
85,Czechia,0.874865156,T2_CZ03_CZ06,0.885106383,-0.010241227
85,Czechia,0.874865156,T4_CZ07_CZ08,0.852173913,0.022691243
85,Czechia,0.874865156,T3_CZ06_CZ07,0.85645933,0.018405826
85,Czechia,0.874865156,T3_CZ08,0.861788618,0.013076539
85,Czechia,0.874865156,T4_CZ01_CZ02,0.867521368,0.007343789
85,Czechia,0.874865156,T2_CZ01_CZ02,0.867521368,0.007343789
85,Czechia,0.874865156,T1_CZ03_CZ04,0.880478088,-0.005612931
85,Czechia,0.874865156,T1_CZ05_CZ06,0.900943396,-0.02607824
85,Czechia,0.874865156,T1_CZ07_CZ08,0.852173913,0.022691243
85,Czechia,0.874865156,T1_CZ01_CZ02,0.867521368,0.007343789
85,Czechia,0.874865156,T4_CZ03_CZ04_CZ05,0.894736842,-0.019871686
86,Czechia,0.75,T2_CZ03_CZ06,0.766497462,-0.016497462
86,Czechia,0.75,T3_CZ03_CZ04_CZ05,0.793333333,-0.043333333
86,Czechia,0.75,T3_CZ06_CZ07,0.714285714,0.035714286
86,Czechia,0.75,T2_CZ07_CZ08,0.704545455,0.045454545
86,Czechia,0.75,T3_CZ01_CZ02,0.751322751,-0.001322751
86,Czechia,0.75,T4_CZ01_CZ02,0.751322751,-0.001322751
86,Czechia,0.75,T4_CZ03_CZ04_CZ05,0.793333333,-0.043333333
86,Czechia,0.75,T2_CZ01_CZ02,0.751322751,-0.001322751
86,Czechia,0.75,T2_CZ04_CZ05,0.773195876,-0.023195876
86,Czechia,0.75,T4_CZ06,0.692307692,0.057692308
86,Czechia,0.75,T4_CZ07_CZ08,0.704545455,0.045454545
86,Czechia,0.75,T1_CZ07_CZ08,0.704545455,0.045454545
86,Czechia,0.75,T3_CZ08,0.673913043,0.076086957
86,Czechia,0.75,T1_CZ03_CZ04,0.800947867,-0.050947867
86,Czechia,0.75,T1_CZ05_CZ06,0.733333333,0.016666667
86,Czechia,0.75,T1_CZ01_CZ02,0.751322751,-0.001322751
87,Czechia,0.854066986,T1_CZ07_CZ08,0.833333333,0.020733652
87,Czechia,0.854066986,T1_CZ05_CZ06,0.821428571,0.032638414
87,Czechia,0.854066986,T2_CZ01_CZ02,0.881188119,-0.027121133
87,Czechia,0.854066986,T2_CZ03_CZ06,0.831730769,0.022336216
87,Czechia,0.854066986,T1_CZ03_CZ04,0.876068376,-0.02200139
87,Czechia,0.854066986,T3_CZ01_CZ02,0.881188119,-0.027121133
87,Czechia,0.854066986,T4_CZ07_CZ08,0.833333333,0.020733652
87,Czechia,0.854066986,T2_CZ07_CZ08,0.833333333,0.020733652
87,Czechia,0.854066986,T1_CZ01_CZ02,0.881188119,-0.027121133
87,Czechia,0.854066986,T4_CZ06,0.777777778,0.076289208
87,Czechia,0.854066986,T2_CZ04_CZ05,0.869369369,-0.015302384
87,Czechia,0.854066986,T3_CZ03_CZ04_CZ05,0.870588235,-0.01652125
87,Czechia,0.854066986,T3_CZ06_CZ07,0.811518325,0.042548661
87,Czechia,0.854066986,T3_CZ08,0.825242718,0.028824267
87,Czechia,0.854066986,T4_CZ03_CZ04_CZ05,0.870588235,-0.01652125
87,Czechia,0.854066986,T4_CZ01_CZ02,0.881188119,-0.027121133
88,Czechia,0.881521739,T4_CZ07_CZ08,0.896396396,-0.014874657
88,Czechia,0.881521739,T1_CZ03_CZ04,0.812206573,0.069315166
88,Czechia,0.881521739,T1_CZ05_CZ06,0.890243902,-0.008722163
88,Czechia,0.881521739,T4_CZ06,0.867768595,0.013753144
88,Czechia,0.881521739,T1_CZ01_CZ02,0.920502092,-0.038980353
88,Czechia,0.881521739,T2_CZ03_CZ06,0.852017937,0.029503802
88,Czechia,0.881521739,T2_CZ07_CZ08,0.896396396,-0.014874657
88,Czechia,0.881521739,T1_CZ07_CZ08,0.896396396,-0.014874657
88,Czechia,0.881521739,T2_CZ01_CZ02,0.920502092,-0.038980353
88,Czechia,0.881521739,T3_CZ03_CZ04_CZ05,0.849112426,0.032409313
88,Czechia,0.881521739,T3_CZ06_CZ07,0.874476987,0.007044752
88,Czechia,0.881521739,T4_CZ01_CZ02,0.920502092,-0.038980353
88,Czechia,0.881521739,T4_CZ03_CZ04_CZ05,0.849112426,0.032409313
88,Czechia,0.881521739,T2_CZ04_CZ05,0.855932203,0.025589536
88,Czechia,0.881521739,T3_CZ01_CZ02,0.920502092,-0.038980353
88,Czechia,0.881521739,T3_CZ08,0.913461538,-0.031939799
89,Czechia,0.8625,T1_CZ01_CZ02,0.864,-0.0015
89,Czechia,0.8625,T1_CZ03_CZ04,0.809090909,0.053409091
89,Czechia,0.8625,T3_CZ08,0.863636364,-0.001136364
89,Czechia,0.8625,T4_CZ01_CZ02,0.864,-0.0015
89,Czechia,0.8625,T4_CZ03_CZ04_CZ05,0.844827586,0.017672414
89,Czechia,0.8625,T1_CZ07_CZ08,0.888412017,-0.025912017
89,Czechia,0.8625,T2_CZ01_CZ02,0.864,-0.0015
89,Czechia,0.8625,T3_CZ01_CZ02,0.864,-0.0015
89,Czechia,0.8625,T1_CZ05_CZ06,0.883268482,-0.020768482
89,Czechia,0.8625,T3_CZ06_CZ07,0.884920635,-0.022420635
89,Czechia,0.8625,T4_CZ06,0.860465116,0.002034884
89,Czechia,0.8625,T4_CZ07_CZ08,0.888412017,-0.025912017
89,Czechia,0.8625,T2_CZ03_CZ06,0.829059829,0.033440171
89,Czechia,0.8625,T3_CZ03_CZ04_CZ05,0.844827586,0.017672414
89,Czechia,0.8625,T2_CZ04_CZ05,0.868312757,-0.005812757
89,Czechia,0.8625,T2_CZ07_CZ08,0.888412017,-0.025912017
90,Czechia,0.741266376,T3_CZ03_CZ04_CZ05,0.728096677,0.013169699
90,Czechia,0.741266376,T3_CZ06_CZ07,0.725738397,0.015527979
90,Czechia,0.741266376,T2_CZ07_CZ08,0.773755656,-0.032489281
90,Czechia,0.741266376,T3_CZ01_CZ02,0.757201646,-0.015935271
90,Czechia,0.741266376,T1_CZ01_CZ02,0.757201646,-0.015935271
90,Czechia,0.741266376,T4_CZ06,0.685950413,0.055315962
90,Czechia,0.741266376,T2_CZ01_CZ02,0.757201646,-0.015935271
90,Czechia,0.741266376,T2_CZ03_CZ06,0.686363636,0.054902739
90,Czechia,0.741266376,T2_CZ04_CZ05,0.745689655,-0.00442328
90,Czechia,0.741266376,T4_CZ03_CZ04_CZ05,0.728096677,0.013169699
90,Czechia,0.741266376,T3_CZ08,0.780952381,-0.039686005
90,Czechia,0.741266376,T4_CZ01_CZ02,0.757201646,-0.015935271
90,Czechia,0.741266376,T1_CZ07_CZ08,0.773755656,-0.032489281
90,Czechia,0.741266376,T1_CZ03_CZ04,0.70754717,0.033719206
90,Czechia,0.741266376,T4_CZ07_CZ08,0.773755656,-0.032489281
90,Czechia,0.741266376,T1_CZ05_CZ06,0.725,0.016266376
91,Czechia,0.81625,T2_CZ04_CZ05,0.837438424,-0.021188424
91,Czechia,0.81625,T3_CZ01_CZ02,0.830985915,-0.014735915
91,Czechia,0.81625,T2_CZ03_CZ06,0.785340314,0.030909686
91,Czechia,0.81625,T1_CZ03_CZ04,0.770491803,0.045758197
91,Czechia,0.81625,T3_CZ03_CZ04_CZ05,0.809688581,0.006561419
91,Czechia,0.81625,T1_CZ01_CZ02,0.830985915,-0.014735915
91,Czechia,0.81625,T2_CZ07_CZ08,0.808290155,0.007959845
91,Czechia,0.81625,T4_CZ01_CZ02,0.830985915,-0.014735915
91,Czechia,0.81625,T1_CZ05_CZ06,0.848341232,-0.032091232
91,Czechia,0.81625,T3_CZ06_CZ07,0.817307692,-0.001057692
91,Czechia,0.81625,T3_CZ08,0.8,0.01625
91,Czechia,0.81625,T4_CZ07_CZ08,0.808290155,0.007959845
91,Czechia,0.81625,T1_CZ07_CZ08,0.808290155,0.007959845
91,Czechia,0.81625,T2_CZ01_CZ02,0.830985915,-0.014735915
91,Czechia,0.81625,T4_CZ03_CZ04_CZ05,0.809688581,0.006561419
91,Czechia,0.81625,T4_CZ06,0.819047619,-0.002797619
92,Czechia,0.675609756,T1_CZ05_CZ06,0.658163265,0.017446491
92,Czechia,0.675609756,T1_CZ03_CZ04,0.735849057,-0.060239301
92,Czechia,0.675609756,T3_CZ01_CZ02,0.668269231,0.007340525
92,Czechia,0.675609756,T2_CZ07_CZ08,0.637254902,0.038354854
92,Czechia,0.675609756,T2_CZ03_CZ06,0.708737864,-0.033128108
92,Czechia,0.675609756,T1_CZ07_CZ08,0.637254902,0.038354854
92,Czechia,0.675609756,T4_CZ07_CZ08,0.637254902,0.038354854
92,Czechia,0.675609756,T1_CZ01_CZ02,0.668269231,0.007340525
92,Czechia,0.675609756,T3_CZ08,0.62962963,0.045980126
92,Czechia,0.675609756,T2_CZ04_CZ05,0.688118812,-0.012509056
92,Czechia,0.675609756,T3_CZ03_CZ04_CZ05,0.712933754,-0.037323998
92,Czechia,0.675609756,T2_CZ01_CZ02,0.668269231,0.007340525
92,Czechia,0.675609756,T4_CZ06,0.648351648,0.027258108
92,Czechia,0.675609756,T3_CZ06_CZ07,0.647058824,0.028550933
92,Czechia,0.675609756,T4_CZ03_CZ04_CZ05,0.712933754,-0.037323998
92,Czechia,0.675609756,T4_CZ01_CZ02,0.668269231,0.007340525
93,Czechia,0.838574423,T1_CZ05_CZ06,0.807174888,0.031399536
93,Czechia,0.838574423,T1_CZ07_CZ08,0.829059829,0.009514594
93,Czechia,0.838574423,T4_CZ01_CZ02,0.856540084,-0.017965661
93,Czechia,0.838574423,T4_CZ03_CZ04_CZ05,0.832446809,0.006127615
93,Czechia,0.838574423,T1_CZ03_CZ04,0.857692308,-0.019117884
93,Czechia,0.838574423,T2_CZ03_CZ06,0.859504132,-0.020929709
93,Czechia,0.838574423,T2_CZ04_CZ05,0.809128631,0.029445793
93,Czechia,0.838574423,T4_CZ06,0.841121495,-0.002547072
93,Czechia,0.838574423,T2_CZ01_CZ02,0.856540084,-0.017965661
93,Czechia,0.838574423,T2_CZ07_CZ08,0.829059829,0.009514594
93,Czechia,0.838574423,T3_CZ01_CZ02,0.856540084,-0.017965661
93,Czechia,0.838574423,T3_CZ03_CZ04_CZ05,0.832446809,0.006127615
93,Czechia,0.838574423,T1_CZ01_CZ02,0.856540084,-0.017965661
93,Czechia,0.838574423,T4_CZ07_CZ08,0.829059829,0.009514594
93,Czechia,0.838574423,T3_CZ06_CZ07,0.813084112,0.025490311
93,Czechia,0.838574423,T3_CZ08,0.866141732,-0.027567309
94,Czechia,0.131997946,T1_CZ03_CZ04,0.117647059,0.014350887
94,Czechia,0.131997946,T3_CZ06_CZ07,0.141393443,-0.009395497
94,Czechia,0.131997946,T1_CZ05_CZ06,0.128571429,0.003426517
94,Czechia,0.131997946,T1_CZ01_CZ02,0.150300601,-0.018302656
94,Czechia,0.131997946,T3_CZ08,0.122881356,0.00911659
94,Czechia,0.131997946,T4_CZ01_CZ02,0.150300601,-0.018302656
94,Czechia,0.131997946,T3_CZ03_CZ04_CZ05,0.116022099,0.015975846
94,Czechia,0.131997946,T2_CZ01_CZ02,0.150300601,-0.018302656
94,Czechia,0.131997946,T4_CZ07_CZ08,0.130705394,0.001292551
94,Czechia,0.131997946,T2_CZ03_CZ06,0.137787056,-0.005789111
94,Czechia,0.131997946,T1_CZ07_CZ08,0.130705394,0.001292551
94,Czechia,0.131997946,T4_CZ03_CZ04_CZ05,0.116022099,0.015975846
94,Czechia,0.131997946,T4_CZ06,0.144628099,-0.012630154
94,Czechia,0.131997946,T2_CZ07_CZ08,0.130705394,0.001292551
94,Czechia,0.131997946,T3_CZ01_CZ02,0.150300601,-0.018302656
94,Czechia,0.131997946,T2_CZ04_CZ05,0.108829569,0.023168377
95,Czechia,0.243478261,T4_CZ03_CZ04_CZ05,0.225449516,0.018028745
95,Czechia,0.243478261,T3_CZ01_CZ02,0.241516966,0.001961295
95,Czechia,0.243478261,T3_CZ03_CZ04_CZ05,0.225449516,0.018028745
95,Czechia,0.243478261,T2_CZ04_CZ05,0.225206612,0.018271649
95,Czechia,0.243478261,T2_CZ07_CZ08,0.262939959,-0.019461698
95,Czechia,0.243478261,T4_CZ01_CZ02,0.241516966,0.001961295
95,Czechia,0.243478261,T1_CZ03_CZ04,0.220588235,0.022890026
95,Czechia,0.243478261,T1_CZ05_CZ06,0.248484848,-0.005006588
95,Czechia,0.243478261,T1_CZ07_CZ08,0.262939959,-0.019461698
95,Czechia,0.243478261,T3_CZ08,0.260504202,-0.017025941
95,Czechia,0.243478261,T1_CZ01_CZ02,0.241516966,0.001961295
95,Czechia,0.243478261,T2_CZ03_CZ06,0.244353183,-8.75E-04
95,Czechia,0.243478261,T4_CZ06,0.262096774,-0.018618513
95,Czechia,0.243478261,T4_CZ07_CZ08,0.262939959,-0.019461698
95,Czechia,0.243478261,T3_CZ06_CZ07,0.263691684,-0.020213423
95,Czechia,0.243478261,T2_CZ01_CZ02,0.241516966,0.001961295
96,Czechia,0.268442623,T2_CZ03_CZ06,0.268191268,2.51E-04
96,Czechia,0.268442623,T3_CZ01_CZ02,0.279761905,-0.011319282
96,Czechia,0.268442623,T2_CZ01_CZ02,0.279761905,-0.011319282
96,Czechia,0.268442623,T1_CZ01_CZ02,0.279761905,-0.011319282
96,Czechia,0.268442623,T3_CZ03_CZ04_CZ05,0.238950276,0.029492347
96,Czechia,0.268442623,T1_CZ07_CZ08,0.289855072,-0.02141245
96,Czechia,0.268442623,T4_CZ06,0.290456432,-0.022013809
96,Czechia,0.268442623,T4_CZ07_CZ08,0.289855072,-0.02141245
96,Czechia,0.268442623,T4_CZ01_CZ02,0.279761905,-0.011319282
96,Czechia,0.268442623,T1_CZ03_CZ04,0.222689076,0.045753547
96,Czechia,0.268442623,T2_CZ04_CZ05,0.23553719,0.032905433
96,Czechia,0.268442623,T2_CZ07_CZ08,0.289855072,-0.02141245
96,Czechia,0.268442623,T3_CZ06_CZ07,0.298969072,-0.030526449
96,Czechia,0.268442623,T3_CZ08,0.271966527,-0.003523904
96,Czechia,0.268442623,T1_CZ05_CZ06,0.280163599,-0.011720976
96,Czechia,0.268442623,T4_CZ03_CZ04_CZ05,0.238950276,0.029492347
97,Czechia,0.559939302,T1_CZ01_CZ02,0.580246914,-0.020307612
97,Czechia,0.559939302,T1_CZ03_CZ04,0.581395349,-0.021456047
97,Czechia,0.559939302,T2_CZ03_CZ06,0.542682927,0.017256375
97,Czechia,0.559939302,T2_CZ04_CZ05,0.583333333,-0.023394031
97,Czechia,0.559939302,T4_CZ06,0.493670886,0.066268416
97,Czechia,0.559939302,T2_CZ01_CZ02,0.580246914,-0.020307612
97,Czechia,0.559939302,T3_CZ06_CZ07,0.535031847,0.024907455
97,Czechia,0.559939302,T4_CZ07_CZ08,0.533333333,0.026605969
97,Czechia,0.559939302,T1_CZ07_CZ08,0.533333333,0.026605969
97,Czechia,0.559939302,T3_CZ03_CZ04_CZ05,0.584980237,-0.025040935
97,Czechia,0.559939302,T1_CZ05_CZ06,0.54375,0.016189302
97,Czechia,0.559939302,T3_CZ01_CZ02,0.580246914,-0.020307612
97,Czechia,0.559939302,T4_CZ01_CZ02,0.580246914,-0.020307612
97,Czechia,0.559939302,T2_CZ07_CZ08,0.533333333,0.026605969
97,Czechia,0.559939302,T4_CZ03_CZ04_CZ05,0.584980237,-0.025040935
97,Czechia,0.559939302,T3_CZ08,0.494252874,0.065686428
98,Czechia,0.363636364,T1_CZ07_CZ08,0.380434783,-0.016798419
98,Czechia,0.363636364,T2_CZ07_CZ08,0.380434783,-0.016798419
98,Czechia,0.363636364,T1_CZ01_CZ02,0.351485149,0.012151215
98,Czechia,0.363636364,T4_CZ07_CZ08,0.380434783,-0.016798419
98,Czechia,0.363636364,T2_CZ01_CZ02,0.351485149,0.012151215
98,Czechia,0.363636364,T1_CZ05_CZ06,0.328205128,0.035431235
98,Czechia,0.363636364,T2_CZ04_CZ05,0.36453202,-8.96E-04
98,Czechia,0.363636364,T3_CZ06_CZ07,0.350282486,0.013353878
98,Czechia,0.363636364,T3_CZ08,0.353535354,0.01010101
98,Czechia,0.363636364,T2_CZ03_CZ06,0.359605911,0.004030452
98,Czechia,0.363636364,T3_CZ03_CZ04_CZ05,0.382165605,-0.018529241
98,Czechia,0.363636364,T4_CZ06,0.293478261,0.070158103
98,Czechia,0.363636364,T3_CZ01_CZ02,0.351485149,0.012151215
98,Czechia,0.363636364,T1_CZ03_CZ04,0.393364929,-0.029728565
98,Czechia,0.363636364,T4_CZ03_CZ04_CZ05,0.382165605,-0.018529241
98,Czechia,0.363636364,T4_CZ01_CZ02,0.351485149,0.012151215
99,Czechia,0.564019449,T1_CZ03_CZ04,0.507246377,0.056773072
99,Czechia,0.564019449,T3_CZ03_CZ04_CZ05,0.55450237,0.009517079
99,Czechia,0.564019449,T3_CZ06_CZ07,0.520231214,0.043788235
99,Czechia,0.564019449,T4_CZ07_CZ08,0.606666667,-0.042647218
99,Czechia,0.564019449,T1_CZ01_CZ02,0.593939394,-0.029919945
99,Czechia,0.564019449,T4_CZ06,0.461538462,0.102480987
99,Czechia,0.564019449,T3_CZ08,0.632352941,-0.068333492
99,Czechia,0.564019449,T4_CZ01_CZ02,0.593939394,-0.029919945
99,Czechia,0.564019449,T2_CZ01_CZ02,0.593939394,-0.029919945
99,Czechia,0.564019449,T2_CZ03_CZ06,0.481012658,0.083006791
99,Czechia,0.564019449,T1_CZ05_CZ06,0.542682927,0.021336522
99,Czechia,0.564019449,T1_CZ07_CZ08,0.606666667,-0.042647218
99,Czechia,0.564019449,T3_CZ01_CZ02,0.593939394,-0.029919945
99,Czechia,0.564019449,T4_CZ03_CZ04_CZ05,0.55450237,0.009517079
99,Czechia,0.564019449,T2_CZ04_CZ05,0.576388889,-0.01236944
99,Czechia,0.564019449,T2_CZ07_CZ08,0.606666667,-0.042647218
100,Czechia,0.473770492,T1_CZ03_CZ04,0.417266187,0.056504305
100,Czechia,0.473770492,T1_CZ01_CZ02,0.475308642,-0.00153815
100,Czechia,0.473770492,T2_CZ03_CZ06,0.45398773,0.019782762
100,Czechia,0.473770492,T1_CZ05_CZ06,0.517857143,-0.044086651
100,Czechia,0.473770492,T1_CZ07_CZ08,0.475177305,-0.001406813
100,Czechia,0.473770492,T2_CZ07_CZ08,0.475177305,-0.001406813
100,Czechia,0.473770492,T3_CZ01_CZ02,0.475308642,-0.00153815
100,Czechia,0.473770492,T4_CZ03_CZ04_CZ05,0.450704225,0.023066266
100,Czechia,0.473770492,T2_CZ04_CZ05,0.493055556,-0.019285064
100,Czechia,0.473770492,T3_CZ08,0.466666667,0.007103825
100,Czechia,0.473770492,T4_CZ01_CZ02,0.475308642,-0.00153815
100,Czechia,0.473770492,T4_CZ06,0.521276596,-0.047506104
100,Czechia,0.473770492,T4_CZ07_CZ08,0.475177305,-0.001406813
100,Czechia,0.473770492,T2_CZ01_CZ02,0.475308642,-0.00153815
100,Czechia,0.473770492,T3_CZ03_CZ04_CZ05,0.450704225,0.023066266
100,Czechia,0.473770492,T3_CZ06_CZ07,0.502857143,-0.029086651
119,Czechia,0.507223942,T1_CZ05_CZ06,0.531568228,-0.024344286
119,Czechia,0.507223942,T1_CZ03_CZ04,0.498951782,0.00827216
119,Czechia,0.507223942,T2_CZ01_CZ02,0.471659919,0.035564023
119,Czechia,0.507223942,T2_CZ03_CZ06,0.504149378,0.003074565
119,Czechia,0.507223942,T4_CZ07_CZ08,0.527310924,-0.020086982
119,Czechia,0.507223942,T1_CZ07_CZ08,0.527310924,-0.020086982
119,Czechia,0.507223942,T3_CZ01_CZ02,0.471659919,0.035564023
119,Czechia,0.507223942,T3_CZ03_CZ04_CZ05,0.502074689,0.005149253
119,Czechia,0.507223942,T3_CZ06_CZ07,0.547325103,-0.040101161
119,Czechia,0.507223942,T3_CZ08,0.514893617,-0.007669675
119,Czechia,0.507223942,T4_CZ01_CZ02,0.471659919,0.035564023
119,Czechia,0.507223942,T4_CZ03_CZ04_CZ05,0.502074689,0.005149253
119,Czechia,0.507223942,T4_CZ06,0.555102041,-0.047878099
119,Czechia,0.507223942,T1_CZ01_CZ02,0.471659919,0.035564023
119,Czechia,0.507223942,T2_CZ04_CZ05,0.526748971,-0.019525029
119,Czechia,0.507223942,T2_CZ07_CZ08,0.527310924,-0.020086982
120,Czechia,0.367410483,T4_CZ01_CZ02,0.348178138,0.019232345
120,Czechia,0.367410483,T4_CZ03_CZ04_CZ05,0.36908078,-0.001670297
120,Czechia,0.367410483,T3_CZ06_CZ07,0.393684211,-0.026273728
120,Czechia,0.367410483,T3_CZ08,0.35,0.017410483
120,Czechia,0.367410483,T4_CZ07_CZ08,0.379454927,-0.012044444
120,Czechia,0.367410483,T1_CZ07_CZ08,0.379454927,-0.012044444
120,Czechia,0.367410483,T2_CZ01_CZ02,0.348178138,0.019232345
120,Czechia,0.367410483,T2_CZ03_CZ06,0.364779874,0.002630608
120,Czechia,0.367410483,T2_CZ04_CZ05,0.377870564,-0.010460081
120,Czechia,0.367410483,T2_CZ07_CZ08,0.379454927,-0.012044444
120,Czechia,0.367410483,T3_CZ01_CZ02,0.348178138,0.019232345
120,Czechia,0.367410483,T3_CZ03_CZ04_CZ05,0.36908078,-0.001670297
120,Czechia,0.367410483,T1_CZ03_CZ04,0.377637131,-0.010226648
120,Czechia,0.367410483,T1_CZ05_CZ06,0.365145228,0.002265254
120,Czechia,0.367410483,T4_CZ06,0.378151261,-0.010740778
120,Czechia,0.367410483,T1_CZ01_CZ02,0.348178138,0.019232345
121,Czechia,0.264349658,T2_CZ07_CZ08,0.284796574,-0.020446916
121,Czechia,0.264349658,T3_CZ01_CZ02,0.243407708,0.02094195
121,Czechia,0.264349658,T3_CZ03_CZ04_CZ05,0.261363636,0.002986021
121,Czechia,0.264349658,T1_CZ03_CZ04,0.273706897,-0.009357239
121,Czechia,0.264349658,T1_CZ05_CZ06,0.256842105,0.007507552
121,Czechia,0.264349658,T1_CZ07_CZ08,0.284796574,-0.020446916
121,Czechia,0.264349658,T1_CZ01_CZ02,0.243407708,0.02094195
121,Czechia,0.264349658,T2_CZ03_CZ06,0.263829787,5.20E-04
121,Czechia,0.264349658,T2_CZ04_CZ05,0.26652452,-0.002174863
121,Czechia,0.264349658,T3_CZ08,0.256410256,0.007939401
121,Czechia,0.264349658,T2_CZ01_CZ02,0.243407708,0.02094195
121,Czechia,0.264349658,T4_CZ03_CZ04_CZ05,0.261363636,0.002986021
121,Czechia,0.264349658,T3_CZ06_CZ07,0.294871795,-0.030522137
121,Czechia,0.264349658,T4_CZ07_CZ08,0.284796574,-0.020446916
121,Czechia,0.264349658,T4_CZ01_CZ02,0.243407708,0.02094195
121,Czechia,0.264349658,T4_CZ06,0.276595745,-0.012246087
122,Czechia,0.242041712,T2_CZ03_CZ06,0.250559284,-0.008517572
122,Czechia,0.242041712,T2_CZ01_CZ02,0.226495726,0.015545986
122,Czechia,0.242041712,T1_CZ01_CZ02,0.226495726,0.015545986
122,Czechia,0.242041712,T2_CZ04_CZ05,0.22489083,0.017150883
122,Czechia,0.242041712,T1_CZ05_CZ06,0.240174672,0.00186704
122,Czechia,0.242041712,T1_CZ07_CZ08,0.267260579,-0.025218867
122,Czechia,0.242041712,T4_CZ07_CZ08,0.267260579,-0.025218867
122,Czechia,0.242041712,T1_CZ03_CZ04,0.234899329,0.007142384
122,Czechia,0.242041712,T3_CZ01_CZ02,0.226495726,0.015545986
122,Czechia,0.242041712,T3_CZ03_CZ04_CZ05,0.226470588,0.015571124
122,Czechia,0.242041712,T3_CZ06_CZ07,0.286031042,-0.04398933
122,Czechia,0.242041712,T3_CZ08,0.233183857,0.008857856
122,Czechia,0.242041712,T4_CZ01_CZ02,0.226495726,0.015545986
122,Czechia,0.242041712,T4_CZ03_CZ04_CZ05,0.226470588,0.015571124
122,Czechia,0.242041712,T4_CZ06,0.271111111,-0.029069399
122,Czechia,0.242041712,T2_CZ07_CZ08,0.267260579,-0.025218867
123,Czechia,0.220234768,T1_CZ03_CZ04,0.217592593,0.002642175
123,Czechia,0.220234768,T1_CZ07_CZ08,0.253968254,-0.033733486
123,Czechia,0.220234768,T2_CZ01_CZ02,0.201735358,0.01849941
123,Czechia,0.220234768,T1_CZ01_CZ02,0.201735358,0.01849941
123,Czechia,0.220234768,T1_CZ05_CZ06,0.208791209,0.011443559
123,Czechia,0.220234768,T2_CZ07_CZ08,0.253968254,-0.033733486
123,Czechia,0.220234768,T3_CZ01_CZ02,0.201735358,0.01849941
123,Czechia,0.220234768,T3_CZ03_CZ04_CZ05,0.198795181,0.021439587
123,Czechia,0.220234768,T4_CZ07_CZ08,0.253968254,-0.033733486
123,Czechia,0.220234768,T3_CZ08,0.263636364,-0.043401596
123,Czechia,0.220234768,T4_CZ01_CZ02,0.201735358,0.01849941
123,Czechia,0.220234768,T4_CZ03_CZ04_CZ05,0.198795181,0.021439587
123,Czechia,0.220234768,T3_CZ06_CZ07,0.25,-0.029765232
123,Czechia,0.220234768,T2_CZ03_CZ06,0.23853211,-0.018297342
123,Czechia,0.220234768,T2_CZ04_CZ05,0.188470067,0.031764702
123,Czechia,0.220234768,T4_CZ06,0.255605381,-0.035370613
124,Czechia,0.226294357,T1_CZ01_CZ02,0.201372998,0.024921359
124,Czechia,0.226294357,T4_CZ01_CZ02,0.201372998,0.024921359
124,Czechia,0.226294357,T1_CZ03_CZ04,0.241784038,-0.01548968
124,Czechia,0.226294357,T1_CZ05_CZ06,0.211494253,0.014800104
124,Czechia,0.226294357,T4_CZ07_CZ08,0.251781473,-0.025487115
124,Czechia,0.226294357,T1_CZ07_CZ08,0.251781473,-0.025487115
124,Czechia,0.226294357,T4_CZ03_CZ04_CZ05,0.226356589,-6.22E-05
124,Czechia,0.226294357,T4_CZ06,0.226851852,-5.57E-04
124,Czechia,0.226294357,T2_CZ04_CZ05,0.218894009,0.007400348
124,Czechia,0.226294357,T2_CZ07_CZ08,0.251781473,-0.025487115
124,Czechia,0.226294357,T3_CZ01_CZ02,0.201372998,0.024921359
124,Czechia,0.226294357,T3_CZ03_CZ04_CZ05,0.226356589,-6.22E-05
124,Czechia,0.226294357,T3_CZ06_CZ07,0.235849057,-0.009554699
124,Czechia,0.226294357,T3_CZ08,0.258215962,-0.031921605
124,Czechia,0.226294357,T2_CZ01_CZ02,0.201372998,0.024921359
124,Czechia,0.226294357,T2_CZ03_CZ06,0.234192037,-0.00789768
125,Czechia,0.18488746,T3_CZ06_CZ07,0.210412148,-0.025524688
125,Czechia,0.18488746,T4_CZ03_CZ04_CZ05,0.172910663,0.011976797
125,Czechia,0.18488746,T4_CZ06,0.198275862,-0.013388402
125,Czechia,0.18488746,T3_CZ08,0.194805195,-0.009917735
125,Czechia,0.18488746,T4_CZ01_CZ02,0.172916667,0.011970793
125,Czechia,0.18488746,T1_CZ05_CZ06,0.173447537,0.011439922
125,Czechia,0.18488746,T1_CZ07_CZ08,0.208695652,-0.023808192
125,Czechia,0.18488746,T2_CZ01_CZ02,0.172916667,0.011970793
125,Czechia,0.18488746,T2_CZ03_CZ06,0.189655172,-0.004767713
125,Czechia,0.18488746,T2_CZ04_CZ05,0.168831169,0.016056291
125,Czechia,0.18488746,T2_CZ07_CZ08,0.208695652,-0.023808192
125,Czechia,0.18488746,T3_CZ01_CZ02,0.172916667,0.011970793
125,Czechia,0.18488746,T3_CZ03_CZ04_CZ05,0.172910663,0.011976797
125,Czechia,0.18488746,T1_CZ03_CZ04,0.185185185,-2.98E-04
125,Czechia,0.18488746,T4_CZ07_CZ08,0.208695652,-0.023808192
125,Czechia,0.18488746,T1_CZ01_CZ02,0.172916667,0.011970793
126,Czechia,0.196850394,T3_CZ08,0.200934579,-0.004084186
126,Czechia,0.196850394,T3_CZ03_CZ04_CZ05,0.186646434,0.01020396
126,Czechia,0.196850394,T3_CZ06_CZ07,0.199084668,-0.002234274
126,Czechia,0.196850394,T1_CZ05_CZ06,0.186363636,0.010486757
126,Czechia,0.196850394,T1_CZ07_CZ08,0.202764977,-0.005914583
126,Czechia,0.196850394,T2_CZ01_CZ02,0.207264957,-0.010414564
126,Czechia,0.196850394,T1_CZ03_CZ04,0.190366972,0.006483421
126,Czechia,0.196850394,T2_CZ04_CZ05,0.190909091,0.005941303
126,Czechia,0.196850394,T2_CZ07_CZ08,0.202764977,-0.005914583
126,Czechia,0.196850394,T3_CZ01_CZ02,0.207264957,-0.010414564
126,Czechia,0.196850394,T2_CZ03_CZ06,0.185779817,0.011070577
126,Czechia,0.196850394,T4_CZ06,0.193548387,0.003302007
126,Czechia,0.196850394,T4_CZ07_CZ08,0.202764977,-0.005914583
126,Czechia,0.196850394,T4_CZ01_CZ02,0.207264957,-0.010414564
126,Czechia,0.196850394,T4_CZ03_CZ04_CZ05,0.186646434,0.01020396
126,Czechia,0.196850394,T1_CZ01_CZ02,0.207264957,-0.010414564
127,Czechia,0.139548023,T2_CZ04_CZ05,0.1367713,0.002776722
127,Czechia,0.139548023,T1_CZ01_CZ02,0.137254902,0.002293121
127,Czechia,0.139548023,T1_CZ03_CZ04,0.153132251,-0.013584228
127,Czechia,0.139548023,T2_CZ07_CZ08,0.123255814,0.016292209
127,Czechia,0.139548023,T3_CZ01_CZ02,0.137254902,0.002293121
127,Czechia,0.139548023,T2_CZ01_CZ02,0.137254902,0.002293121
127,Czechia,0.139548023,T2_CZ03_CZ06,0.16091954,-0.021371518
127,Czechia,0.139548023,T1_CZ05_CZ06,0.144444444,-0.004896422
127,Czechia,0.139548023,T1_CZ07_CZ08,0.123255814,0.016292209
127,Czechia,0.139548023,T3_CZ08,0.111627907,0.027920116
127,Czechia,0.139548023,T4_CZ01_CZ02,0.137254902,0.002293121
127,Czechia,0.139548023,T4_CZ03_CZ04_CZ05,0.147590361,-0.008042339
127,Czechia,0.139548023,T4_CZ06,0.152073733,-0.01252571
127,Czechia,0.139548023,T4_CZ07_CZ08,0.123255814,0.016292209
127,Czechia,0.139548023,T3_CZ03_CZ04_CZ05,0.147590361,-0.008042339
127,Czechia,0.139548023,T3_CZ06_CZ07,0.143518519,-0.003970496
128,Czechia,0.62192623,T2_CZ04_CZ05,0.62474645,-0.002820221
128,Czechia,0.62192623,T1_CZ07_CZ08,0.653361345,-0.031435115
128,Czechia,0.62192623,T4_CZ03_CZ04_CZ05,0.62380301,-0.00187678
128,Czechia,0.62192623,T4_CZ06,0.616326531,0.005599699
128,Czechia,0.62192623,T2_CZ01_CZ02,0.592,0.02992623
128,Czechia,0.62192623,T2_CZ03_CZ06,0.619047619,0.00287861
128,Czechia,0.62192623,T3_CZ01_CZ02,0.592,0.02992623
128,Czechia,0.62192623,T3_CZ03_CZ04_CZ05,0.62380301,-0.00187678
128,Czechia,0.62192623,T4_CZ07_CZ08,0.653361345,-0.031435115
128,Czechia,0.62192623,T3_CZ08,0.666666667,-0.044740437
128,Czechia,0.62192623,T4_CZ01_CZ02,0.592,0.02992623
128,Czechia,0.62192623,T1_CZ01_CZ02,0.592,0.02992623
128,Czechia,0.62192623,T3_CZ06_CZ07,0.628099174,-0.006172944
128,Czechia,0.62192623,T1_CZ05_CZ06,0.624242424,-0.002316195
128,Czechia,0.62192623,T2_CZ07_CZ08,0.653361345,-0.031435115
128,Czechia,0.62192623,T1_CZ03_CZ04,0.61954262,0.00238361
129,Czechia,0.47167756,T1_CZ03_CZ04,0.480637813,-0.008960253
129,Czechia,0.47167756,T1_CZ01_CZ02,0.407172996,0.064504564
129,Czechia,0.47167756,T4_CZ03_CZ04_CZ05,0.48964497,-0.017967411
129,Czechia,0.47167756,T1_CZ05_CZ06,0.503184713,-0.031507153
129,Czechia,0.47167756,T4_CZ07_CZ08,0.497787611,-0.026110051
129,Czechia,0.47167756,T1_CZ07_CZ08,0.497787611,-0.026110051
129,Czechia,0.47167756,T2_CZ01_CZ02,0.407172996,0.064504564
129,Czechia,0.47167756,T4_CZ06,0.5,-0.02832244
129,Czechia,0.47167756,T2_CZ04_CZ05,0.50877193,-0.03709437
129,Czechia,0.47167756,T2_CZ07_CZ08,0.497787611,-0.026110051
129,Czechia,0.47167756,T3_CZ01_CZ02,0.407172996,0.064504564
129,Czechia,0.47167756,T3_CZ03_CZ04_CZ05,0.48964497,-0.017967411
129,Czechia,0.47167756,T3_CZ06_CZ07,0.495670996,-0.023993436
129,Czechia,0.47167756,T3_CZ08,0.504464286,-0.032786726
129,Czechia,0.47167756,T4_CZ01_CZ02,0.407172996,0.064504564
129,Czechia,0.47167756,T2_CZ03_CZ06,0.475770925,-0.004093365
130,Czechia,0,T2_CZ07_CZ08,0,0
130,Czechia,0,T3_CZ03_CZ04_CZ05,0,0
130,Czechia,0,T3_CZ06_CZ07,0,0
130,Czechia,0,T3_CZ08,0,0
130,Czechia,0,T3_CZ01_CZ02,0,0
130,Czechia,0,T1_CZ01_CZ02,0,0
130,Czechia,0,T1_CZ03_CZ04,0,0
130,Czechia,0,T1_CZ05_CZ06,0,0
130,Czechia,0,T1_CZ07_CZ08,0,0
130,Czechia,0,T2_CZ01_CZ02,0,0
130,Czechia,0,T2_CZ03_CZ06,0,0
130,Czechia,0,T2_CZ04_CZ05,0,0
130,Czechia,0,T4_CZ07_CZ08,0,0
130,Czechia,0,T4_CZ01_CZ02,0,0
130,Czechia,0,T4_CZ03_CZ04_CZ05,0,0
130,Czechia,0,T4_CZ06,0,0
131,Czechia,0,T2_CZ01_CZ02,0,0
131,Czechia,0,T2_CZ03_CZ06,0,0
131,Czechia,0,T2_CZ04_CZ05,0,0
131,Czechia,0,T2_CZ07_CZ08,0,0
131,Czechia,0,T3_CZ01_CZ02,0,0
131,Czechia,0,T1_CZ01_CZ02,0,0
131,Czechia,0,T1_CZ03_CZ04,0,0
131,Czechia,0,T1_CZ05_CZ06,0,0
131,Czechia,0,T1_CZ07_CZ08,0,0
131,Czechia,0,T4_CZ01_CZ02,0,0
131,Czechia,0,T3_CZ03_CZ04_CZ05,0,0
131,Czechia,0,T3_CZ06_CZ07,0,0
131,Czechia,0,T3_CZ08,0,0
131,Czechia,0,T4_CZ03_CZ04_CZ05,0,0
131,Czechia,0,T4_CZ06,0,0
131,Czechia,0,T4_CZ07_CZ08,0,0
132,Czechia,0,T1_CZ07_CZ08,0,0
132,Czechia,0,T2_CZ07_CZ08,0,0
132,Czechia,0,T2_CZ01_CZ02,0,0
132,Czechia,0,T2_CZ03_CZ06,0,0
132,Czechia,0,T2_CZ04_CZ05,0,0
132,Czechia,0,T1_CZ01_CZ02,0,0
132,Czechia,0,T1_CZ03_CZ04,0,0
132,Czechia,0,T1_CZ05_CZ06,0,0
132,Czechia,0,T3_CZ01_CZ02,0,0
132,Czechia,0,T3_CZ03_CZ04_CZ05,0,0
132,Czechia,0,T3_CZ06_CZ07,0,0
132,Czechia,0,T3_CZ08,0,0
132,Czechia,0,T4_CZ01_CZ02,0,0
132,Czechia,0,T4_CZ03_CZ04_CZ05,0,0
132,Czechia,0,T4_CZ06,0,0
132,Czechia,0,T4_CZ07_CZ08,0,0
133,Czechia,0,T1_CZ03_CZ04,0,0
133,Czechia,0,T1_CZ05_CZ06,0,0
133,Czechia,0,T1_CZ07_CZ08,0,0
133,Czechia,0,T2_CZ01_CZ02,0,0
133,Czechia,0,T1_CZ01_CZ02,0,0
133,Czechia,0,T4_CZ06,0,0
133,Czechia,0,T4_CZ07_CZ08,0,0
133,Czechia,0,T2_CZ07_CZ08,0,0
133,Czechia,0,T3_CZ01_CZ02,0,0
133,Czechia,0,T2_CZ03_CZ06,0,0
133,Czechia,0,T2_CZ04_CZ05,0,0
133,Czechia,0,T3_CZ08,0,0
133,Czechia,0,T4_CZ01_CZ02,0,0
133,Czechia,0,T3_CZ03_CZ04_CZ05,0,0
133,Czechia,0,T3_CZ06_CZ07,0,0
133,Czechia,0,T4_CZ03_CZ04_CZ05,0,0
134,Czechia,0,T4_CZ06,0,0
134,Czechia,0,T4_CZ07_CZ08,0,0
134,Czechia,0,T4_CZ01_CZ02,0,0
134,Czechia,0,T4_CZ03_CZ04_CZ05,0,0
134,Czechia,0,T1_CZ01_CZ02,0,0
134,Czechia,0,T1_CZ03_CZ04,0,0
134,Czechia,0,T1_CZ05_CZ06,0,0
134,Czechia,0,T1_CZ07_CZ08,0,0
134,Czechia,0,T2_CZ01_CZ02,0,0
134,Czechia,0,T2_CZ03_CZ06,0,0
134,Czechia,0,T2_CZ04_CZ05,0,0
134,Czechia,0,T2_CZ07_CZ08,0,0
134,Czechia,0,T3_CZ01_CZ02,0,0
134,Czechia,0,T3_CZ03_CZ04_CZ05,0,0
134,Czechia,0,T3_CZ06_CZ07,0,0
134,Czechia,0,T3_CZ08,0,0
